neighborhood,size_sqft,bedrooms,bathrooms,age_years,lot_size_sqft,parking_spots,has_pool,has_garden,condition,energy_rating,distance_downtown,distance_highway,school_rating,crime_rate,price
Beachfront,2652,3,1.5,49,6001,1,0,1,Good,A,3.7,0.3,6.3729950791332515,1.3788767332253853,1261716
Mountain View,2010,4,3.0,9,6990,1,0,1,Poor,B,18.4,2.0,7.0827729037854255,0.02133070543300508,888272
Rural,2340,4,1.5,20,9681,3,0,0,Excellent,B,6.9,1.8,6.041287455587439,0.9246929926850335,1290753
Mountain View,1844,4,2.5,35,9093,1,0,0,Fair,A,7.8,1.6,7.036782833174235,0.6659284758361166,1016792
Mountain View,2162,3,2.5,11,7522,2,0,0,Fair,C,15.3,2.5,4.615693211214254,1.0966897259620796,785409
Suburban,1934,2,2.5,26,7266,2,0,1,Good,A,7.1,1.7,6.228228042607125,2.4435398882231434,1032688
Rural,2048,4,3.5,39,7216,2,0,1,Fair,E,19.1,1.0,7.037158898658243,0.6169395846946646,637161
Rural,2297,2,4.0,1,6155,1,1,1,Excellent,E,14.9,1.6,6.334438514848522,0.43596872259615305,1031168
Rural,1590,4,3.5,12,11230,1,0,0,Poor,C,12.1,4.9,7.478071898356444,1.1549473896903173,619431
Mountain View,3046,3,1.0,31,7355,0,0,1,Good,B,17.7,2.1,7.745150864284818,0.3259114772862549,1338543
Beachfront,1496,5,2.5,30,10434,2,0,1,Excellent,C,1.5,2.3,10.022590230569481,1.4372064429840155,1787167
Rural,1392,4,3.0,15,11042,2,0,0,Fair,E,5.5,2.9,5.006410484405964,0.3632072257017004,590803
Mountain View,2579,5,1.5,31,9996,1,0,1,Fair,C,9.6,4.9,7.134166415995844,1.0078411182358122,981027
Suburban,2395,3,4.0,31,7136,3,0,0,Excellent,A,4.9,1.3,8.609520665775973,2.143387056191293,1426565
Beachfront,2312,4,2.0,33,8807,2,0,1,Poor,C,15.0,3.4,9.252540731029232,1.4518898375657174,944511
Suburban,2314,3,3.0,10,7951,1,0,1,Poor,B,18.4,3.6,7.227495875732053,1.9263973606572014,688760
Beachfront,1993,3,4.0,9,6192,2,0,0,Good,A,8.8,3.1,7.220980578480014,1.966064309150259,1365966
Mountain View,1551,4,3.5,14,8648,2,0,0,Fair,D,7.2,0.5,7.428342050660725,1.9501342121554823,817535
Downtown,2037,4,3.5,16,5641,1,0,1,Excellent,E,19.3,3.4,7.14383015933825,4.202451247983072,1068481
Beachfront,1661,5,3.0,39,10375,1,0,1,Poor,E,9.2,0.4,8.27242139665361,2.2158158148187987,808272
Suburban,2487,4,3.5,17,7070,2,0,1,Good,C,10.0,3.0,7.635967750711738,2.2824211793000613,995006
Mountain View,1926,3,2.5,8,8402,2,0,1,Fair,A,7.4,3.7,6.288537805916295,1.5115282776261196,984189
Beachfront,1587,3,1.0,24,8566,2,1,1,Fair,D,18.2,1.1,8.417465089821295,2.3698377340589167,960016
Downtown,1839,4,1.5,39,7482,2,1,1,Good,A,11.6,4.2,8.035566074032994,1.9047294811571953,1041400
Downtown,2206,3,1.0,13,9173,0,1,1,Good,E,15.4,0.2,8.65230615161023,-0.1767038131960006,1063944
Rural,1718,3,4.0,24,7050,1,0,1,Poor,A,16.3,4.2,6.135924567218348,0.7926865497140684,573938
Rural,1588,3,1.5,49,9742,2,0,1,Excellent,D,7.2,2.4,6.084466786389948,0.5024130200503811,920059
Suburban,2121,3,1.5,21,5308,1,0,1,Fair,C,9.0,1.2,6.177923988172073,2.8178989030679076,689859
Beachfront,2122,3,1.0,29,8252,0,0,1,Excellent,B,17.0,0.8,9.191085854773476,3.285997658747484,1474229
Beachfront,1746,3,3.0,19,11877,2,0,1,Fair,A,7.6,4.8,7.181394973339922,0.8752837728996181,1182670
Rural,1764,2,1.5,20,5999,3,1,0,Fair,B,16.0,0.5,4.930745506244921,1.2748415931451298,603004
Beachfront,2116,2,1.0,43,6644,2,1,1,Excellent,E,18.8,1.1,9.092106783982427,2.3043677945622085,1380835
Beachfront,1275,5,1.5,31,9027,2,0,1,Good,C,12.7,1.8,7.452094695793065,1.7214347137138843,1149936
Downtown,1296,3,2.0,45,8359,1,0,0,Poor,C,15.0,3.1,6.368664889582927,3.279083858345185,505760
Rural,1640,3,3.0,48,8701,3,0,1,Fair,A,16.2,2.8,6.9562950020913465,1.9007150496332441,721542
Mountain View,1893,4,2.5,20,8978,1,1,1,Good,C,17.0,0.7,6.615543121022909,1.8217707545602646,1044338
Rural,2155,3,1.5,34,9269,3,1,0,Fair,A,8.2,1.5,8.324673305852818,0.3492060085983345,913630
Mountain View,2737,5,2.0,31,10219,3,0,1,Poor,A,1.5,1.3,6.588975063496827,1.1955639384663632,900790
Downtown,2428,4,2.5,29,8819,2,0,0,Fair,B,8.3,1.1,8.480260501405924,3.2915636766819727,1057503
Suburban,1920,2,2.5,38,7517,3,1,0,Poor,C,13.6,2.1,5.780715533477807,1.8894787682314746,578733
Beachfront,1990,3,4.0,48,9345,2,0,1,Poor,A,9.3,3.5,6.664137595831386,1.7067924255556133,935686
Downtown,1498,4,1.5,11,11799,1,0,1,Fair,B,15.1,1.2,6.94489232451955,1.309328372393548,928735
Beachfront,1990,5,1.0,40,7734,2,1,0,Fair,D,7.5,1.9,8.724136559314497,1.6901139358730612,1101818
Suburban,1855,3,1.5,46,6050,2,0,1,Poor,B,12.9,2.0,6.43055022550789,2.034684901329035,525468
Suburban,2161,4,2.0,17,10214,1,0,1,Good,B,4.1,4.9,6.875978612610003,2.0962984593656526,1053326
Downtown,1586,3,2.5,20,7759,2,0,0,Excellent,A,15.1,4.8,8.822782780834002,2.0215004541333936,1302029
Suburban,2259,5,1.5,12,3654,3,0,0,Poor,E,11.1,4.0,5.935779993182651,3.1960548176369965,531009
Mountain View,2766,3,1.0,20,9694,1,1,1,Fair,E,4.5,1.3,8.021622984073039,1.583754911493223,967870
Suburban,1945,5,4.0,7,6929,2,0,0,Fair,E,6.2,0.4,6.990155191349617,0.9503218677904872,816756
Beachfront,2200,4,1.5,45,7818,3,1,1,Good,B,15.1,1.7,9.290758424122428,1.5456151645960134,1480115
Beachfront,2345,4,3.0,39,8663,3,0,1,Excellent,A,9.9,1.4,10.587908973530684,2.842262417301726,2074793
Beachfront,1799,3,4.0,45,8380,3,0,1,Poor,C,4.7,2.6,6.800274734909786,2.4211486635069512,790376
Beachfront,2112,3,1.0,6,9418,2,0,0,Poor,B,19.4,3.9,8.698919685080789,2.0115979892786875,897069
Mountain View,2006,3,2.0,22,7129,3,0,1,Excellent,B,14.4,4.3,6.621240163396907,0.6380176347661063,1439383
Rural,2048,3,2.5,43,9026,2,0,1,Poor,A,19.2,4.2,5.982993925516169,0.07349075855121567,590930
Downtown,1613,3,1.5,31,7480,1,0,1,Excellent,D,8.8,1.9,7.037348988081024,5.755217743719902,861981
Beachfront,2012,4,1.0,10,9477,2,0,0,Fair,B,9.8,3.5,7.590198756206467,2.6755078762435,1059968
Suburban,2248,3,4.0,21,9230,2,0,0,Excellent,D,18.0,1.6,5.3114948119314995,2.341611507394404,924733
Beachfront,2725,2,3.0,21,6129,1,0,1,Poor,D,10.7,0.4,8.78335871052403,1.2437355173505622,859058
Suburban,2479,5,1.0,42,10171,2,0,1,Excellent,E,14.3,3.5,5.879952577530128,1.9425988756204682,963653
Suburban,3076,4,3.5,24,6928,2,0,0,Good,A,5.4,0.1,7.670911248276875,2.28338586309209,1288124
Beachfront,1616,5,3.0,21,9616,1,0,1,Fair,D,9.2,2.1,6.529510448768749,1.334647434334537,1003589
Mountain View,2436,5,4.0,27,8734,2,0,0,Fair,A,2.9,1.7,9.082660322109797,0.6778298664890079,1342256
Suburban,2091,3,2.0,28,11676,2,0,1,Excellent,E,4.5,3.5,7.603790520277894,1.6713137230026378,1072847
Suburban,3094,3,2.5,12,7553,2,0,1,Poor,A,0.5,3.9,6.608123234613133,1.9755174845707748,898725
Beachfront,1595,4,4.0,17,7301,0,0,1,Good,B,1.3,1.6,6.737230224301436,0.9110161339026561,1336742
Suburban,1580,4,2.0,1,7961,0,1,1,Fair,D,19.6,4.1,5.982235690923047,2.3557052897327475,605937
Suburban,1700,3,1.5,28,7393,1,0,1,Fair,A,5.2,1.5,5.972596448473989,3.5564551005219207,675421
Beachfront,938,4,1.0,20,9599,3,0,1,Poor,C,13.4,2.3,7.224125176833516,1.6502927299383563,769043
Beachfront,1737,3,3.5,14,4767,1,0,1,Poor,A,16.9,3.7,8.078964045668085,2.0808492633523765,990408
Downtown,1620,3,3.0,26,5892,2,0,1,Good,D,11.2,3.5,8.692769031848862,2.6943893858461965,905745
Mountain View,2075,3,3.0,49,5864,1,0,1,Excellent,E,3.5,4.9,7.430862419015037,-0.3695701030687364,1250445
Mountain View,2170,3,1.0,30,9900,1,0,0,Poor,E,14.7,1.2,5.724317340004268,1.5930727370211495,602074
Suburban,2938,3,3.5,14,11421,2,0,0,Excellent,D,12.2,3.3,6.626731754058686,2.4040180947010357,1159704
Mountain View,2475,2,1.0,22,7791,2,1,1,Good,B,14.8,3.1,6.871453706748043,1.770161989909943,1135948
Suburban,1711,4,1.5,23,7662,1,0,1,Excellent,B,15.5,4.6,7.644518491645291,1.5759672009847456,961507
Downtown,1550,3,2.0,43,8140,2,0,1,Fair,E,19.5,0.9,9.105833066294712,3.730958976376216,620115
Beachfront,2245,3,4.0,12,10323,0,0,0,Excellent,E,11.7,3.8,7.358918733461644,2.051429288966167,1449036
Beachfront,1339,4,3.0,21,6145,2,0,1,Good,D,7.2,2.9,8.65905434391342,2.0746709555299403,1164023
Beachfront,2915,5,1.5,42,8476,2,0,1,Good,B,13.1,1.4,9.026894618257915,1.294471584466959,1627326
Mountain View,2589,4,2.0,36,9950,1,0,1,Good,E,1.8,2.4,6.348324877843584,0.7234113773263652,1088490
Downtown,1765,4,1.5,32,9002,1,0,1,Excellent,B,18.0,1.7,8.861436525632804,2.3493401726316163,1173960
Mountain View,1143,4,3.5,2,8379,1,1,1,Fair,E,2.8,2.9,4.805617530179976,0.8730241468013825,768564
Mountain View,2676,3,3.0,18,10002,3,0,1,Poor,A,6.9,4.5,8.59947094011379,0.6230689431545193,1011494
Downtown,1942,2,4.0,22,2593,3,1,1,Fair,C,16.4,2.9,8.251316648238102,0.9096971011468433,1003814
Downtown,2618,3,1.0,28,9355,0,0,0,Excellent,A,12.1,3.2,7.7686990570703,2.8297417532040945,1236352
Downtown,1202,3,1.0,29,6691,2,0,1,Excellent,E,8.2,2.6,7.423580423665156,2.7343954397138948,860343
Downtown,1700,3,2.0,38,4338,1,0,1,Poor,C,9.7,0.4,9.471034690817104,2.6001217613316285,637003
Beachfront,2002,4,4.0,43,9022,1,1,1,Excellent,C,17.2,1.2,8.599577541245356,2.401577371307011,1713139
Rural,2023,3,2.5,46,10747,2,0,0,Good,E,7.1,2.5,6.505021088273767,0.9375565573249663,754846
Rural,1774,2,3.5,24,7725,3,0,1,Good,E,17.5,1.6,6.084518475815328,1.007848897978879,686968
Downtown,2311,3,2.0,36,9905,3,0,1,Good,B,2.2,1.0,7.300504779832357,2.8853591644936074,1196380
Rural,1466,4,2.5,46,11224,2,0,0,Good,E,15.6,2.6,5.286415330092824,1.1093296533786488,630078
Rural,1928,2,1.5,7,10629,1,0,1,Good,D,17.0,1.7,4.179239722197984,0.7768397423828277,664004
Downtown,2060,4,3.5,41,11279,2,0,1,Excellent,E,4.0,1.4,6.962933926430004,3.2642682716456366,1117998
Rural,2257,3,1.5,15,9484,1,0,1,Poor,D,8.9,2.4,5.294226516904635,0.899680350587284,506530
Mountain View,2355,3,4.0,7,8150,2,0,1,Poor,E,3.7,0.8,7.703142542220004,1.1913267757387458,828312
Suburban,1437,3,3.0,0,4796,1,0,0,Good,B,14.3,4.6,7.928245691344324,1.7881201589886484,816061
Suburban,1232,4,3.5,43,7507,2,0,1,Excellent,D,10.9,4.4,6.503468264518031,1.773292945808073,925024
Downtown,2638,3,2.5,4,6313,1,0,0,Fair,A,12.9,3.6,8.66536893503283,2.8498830487461935,1038433
Beachfront,2166,4,3.0,2,12341,1,1,1,Fair,D,4.3,0.6,9.618787639660868,2.119813759119499,1313056
Downtown,1625,3,1.0,0,7648,3,0,1,Excellent,B,4.6,3.9,7.203863196813504,1.7359938320526362,1119579
Beachfront,2775,3,2.5,3,8246,1,0,1,Good,D,1.3,4.1,8.415826629455342,2.366527140732999,1537333
Suburban,2057,4,2.0,39,9102,2,0,0,Poor,E,6.8,3.9,5.846507574015217,1.1021784136849924,547006
Downtown,2589,4,1.0,34,8087,1,0,1,Excellent,E,11.4,0.7,7.049936502533873,3.486184791561939,1117378
Mountain View,2033,4,1.0,31,11390,0,0,1,Fair,B,17.2,3.3,7.533207317899312,1.5624662726516205,887162
Rural,3030,4,2.0,41,6754,0,1,1,Fair,C,13.5,4.2,4.608041619048269,1.1837552052703013,768322
Beachfront,2877,4,3.5,33,8389,1,0,1,Fair,E,9.0,2.9,6.783103289659833,1.053618911204974,1034943
Rural,1875,4,1.0,42,6515,2,0,1,Good,A,19.1,3.3,7.704102078059118,1.5202154463224193,839207
Rural,2485,4,4.0,24,5359,1,0,1,Fair,B,14.5,2.3,5.884890306076761,0.022475614840858582,829644
Downtown,2322,4,2.5,9,6776,3,0,1,Excellent,D,18.6,2.7,6.556395737830235,1.0506282446775768,1225508
Rural,2684,4,3.0,20,7925,2,0,0,Excellent,D,10.8,0.3,5.65408067095283,0.8155302804842689,1129834
Mountain View,1517,4,1.0,45,7141,2,1,0,Fair,A,5.5,3.2,7.165403660299704,0.1286140130594795,906052
Rural,2343,4,2.5,38,6615,2,0,1,Excellent,E,1.5,0.5,6.8891538247878055,1.1069043969705317,1006980
Downtown,2529,3,1.5,26,5187,2,0,1,Fair,B,14.7,2.2,7.517090160539483,0.9496425427157997,968744
Mountain View,1120,4,2.5,26,7833,2,0,1,Fair,A,2.9,1.5,5.617982431307563,1.204719265321126,970289
Suburban,1408,4,3.0,1,4990,1,0,1,Poor,E,6.4,2.8,7.267843637866333,1.8349549041492814,534828
Rural,980,2,2.5,40,9520,1,0,0,Good,B,10.9,0.8,4.878248897144112,0.541011947694632,616649
Downtown,1865,4,2.0,47,8164,2,0,1,Good,D,11.5,3.5,7.917284976103507,3.739180494701568,894668
Suburban,2358,3,3.0,12,5084,3,0,0,Poor,B,12.2,4.0,6.1764650293741505,2.3664145409108723,715928
Suburban,2751,3,3.5,8,7381,2,0,0,Poor,C,3.7,0.9,6.4817473611387975,1.3628839404616024,689917
Beachfront,2037,4,1.5,35,6495,2,0,1,Good,B,7.9,0.6,9.36337651353834,2.155745429398895,1412073
Mountain View,2814,3,2.0,21,8638,2,1,0,Fair,C,12.5,0.8,6.516382860444564,0.8616641141404273,954952
Rural,1309,4,3.5,41,10680,2,0,1,Fair,B,19.4,4.4,5.233135961995448,1.8655848158836497,536144
Downtown,1148,4,2.5,25,4249,2,0,0,Good,C,14.7,2.7,8.2430917276607,3.5070202721353567,826176
Beachfront,1972,3,3.0,11,8230,1,0,1,Fair,D,18.5,2.4,7.394843764394002,1.4061173800412365,1014406
Mountain View,2192,2,1.5,16,7679,2,0,1,Poor,E,15.4,0.6,7.841780774784013,1.0566971959833447,674634
Beachfront,1983,3,2.0,13,9342,1,0,0,Fair,C,12.0,3.3,8.91041849968557,1.8013383737243192,1097910
Mountain View,966,4,3.5,13,8426,1,0,1,Fair,C,4.2,4.4,5.9487799702174975,1.2294970008371455,938131
Mountain View,1955,5,3.5,33,6496,2,0,1,Excellent,D,13.5,4.2,4.468230683749187,0.9058987806135894,1123440
Rural,1347,4,1.5,19,7361,1,0,1,Excellent,C,12.7,3.2,6.068072269248621,0.6822950598856314,845472
Mountain View,2334,3,4.0,10,6407,1,0,0,Excellent,A,12.2,0.5,6.772893992219074,0.9482065732971097,1475122
Beachfront,2183,4,2.5,15,10152,1,0,1,Fair,D,10.1,0.7,9.573734216555106,2.2671824493181916,1191811
Mountain View,1530,3,1.5,30,8042,3,1,1,Good,A,10.8,0.3,6.858242445972461,0.8930624162226806,1127673
Rural,1743,4,3.5,5,11802,2,0,1,Poor,D,7.0,1.4,7.0287689914234805,0.9793536564963585,637677
Rural,1470,3,1.0,18,7878,2,0,1,Fair,C,10.6,0.8,6.501685045168788,1.2780110484211453,652711
Beachfront,1968,4,2.0,36,6583,2,0,1,Good,A,4.4,1.4,8.4566880107304,2.0455468031279564,1531518
Suburban,2477,3,1.5,3,4972,2,0,1,Fair,C,16.2,2.0,8.325276090437038,2.5242413255252965,805553
Suburban,1507,5,4.0,46,4393,1,0,1,Poor,D,4.1,4.7,7.827115428565768,2.243887410542169,528942
Mountain View,2252,3,3.5,3,4831,2,1,1,Fair,C,2.2,3.1,7.135563416414709,1.4851581008941408,1038932
Downtown,1734,4,2.5,19,8534,2,1,1,Poor,A,9.0,4.2,8.951306244299483,2.942604634925964,975898
Mountain View,1603,5,3.5,9,9017,2,0,1,Fair,A,13.3,3.6,7.728518643514536,1.2093799800637484,1078092
Beachfront,1946,3,2.5,23,4837,1,1,1,Poor,C,9.0,0.7,6.50384118683535,1.5742300101103406,898007
Beachfront,1482,5,1.5,34,9790,2,1,1,Fair,B,5.9,3.7,7.081787833490209,2.0031365780922092,1185138
Beachfront,1723,4,2.5,25,7033,2,1,0,Poor,D,11.4,1.4,9.322744466885135,1.2342323423781785,934295
Beachfront,1401,2,3.0,36,8293,1,1,1,Excellent,D,7.3,3.2,7.830877314357184,2.575133697949148,1287538
Beachfront,2982,3,3.0,37,11224,2,0,1,Fair,C,18.7,1.8,8.079573534942165,1.8973579902518742,1094896
Rural,2017,4,3.0,20,9793,0,0,1,Fair,B,18.5,5.0,6.248325142515882,0.7043576055990528,772302
Suburban,1650,2,4.0,39,7462,1,0,1,Good,A,10.3,1.4,7.157974312251452,1.632883339014481,896356
Beachfront,2106,3,4.0,38,6217,2,0,1,Good,E,6.9,1.5,8.758824416163609,2.559274972127663,1242528
Downtown,1943,3,1.0,20,3696,0,1,1,Poor,E,14.9,4.7,8.526897923665794,1.6045514952449282,568732
Downtown,1889,4,4.0,9,6561,2,0,0,Fair,C,1.2,0.2,7.80912778044682,2.292089059325925,952058
Downtown,2307,2,1.5,37,7577,2,0,1,Poor,B,9.8,3.5,7.8018043236202805,2.737253252313496,725559
Downtown,2378,4,3.5,45,6025,1,1,1,Excellent,B,7.1,3.7,8.510157468915184,1.4041060314258864,1582109
Rural,1734,5,3.5,3,7737,3,1,1,Good,D,18.5,4.2,6.078117735236017,0.07671347609779144,847643
Downtown,1712,5,1.0,44,8153,1,1,1,Poor,A,0.7,4.9,9.27257016292857,2.260971341976767,903280
Beachfront,1862,4,4.0,19,7550,1,0,1,Poor,B,11.3,4.9,8.696322862080324,1.7367341564519785,980253
Mountain View,849,3,2.5,16,6699,1,0,1,Good,E,14.9,0.4,7.637605812231208,1.1102917688686804,728991
Downtown,1242,4,1.0,6,8337,1,0,0,Fair,A,10.0,4.1,8.1263141994832,3.6523303381766796,773606
Rural,2683,2,2.5,3,8883,0,0,0,Poor,A,2.2,3.3,6.400235855526775,0.7856727365417333,733014
Rural,2822,2,2.5,28,5819,2,0,0,Good,C,19.5,3.3,6.201652905129254,1.5147202779635203,836022
Downtown,1875,3,2.0,13,10821,3,0,1,Fair,B,10.6,0.7,7.530869145789591,4.427305364289216,929707
Mountain View,2288,3,3.5,2,7802,1,0,1,Excellent,C,12.5,3.3,7.258769805243921,0.36452413945385864,1439466
Downtown,2155,4,3.0,23,8037,2,0,1,Good,B,5.1,4.9,7.007133998914455,2.5805652473414495,1126699
Rural,3539,4,4.0,36,9416,2,0,1,Poor,D,9.9,4.6,4.970027725223064,0.8315524366074307,693371
Suburban,2559,3,2.5,15,8466,2,0,1,Excellent,C,8.9,2.3,5.728080998887277,1.9292351813310762,1189147
Beachfront,1936,3,2.0,3,9906,2,0,1,Fair,C,2.0,0.3,8.278799812385461,1.7382120057967085,1179562
Rural,1522,5,3.5,23,8574,1,0,1,Fair,E,2.6,1.9,6.046079221633152,0.5767828492705107,662743
Downtown,1196,3,3.0,33,6775,1,0,1,Good,C,16.8,4.1,6.554794735587775,3.7564883543160983,678773
Beachfront,2101,3,2.5,29,8723,2,0,1,Good,B,5.2,3.5,7.791331628779534,1.6179066066810768,1497783
Downtown,1621,3,2.5,17,5712,2,0,1,Good,E,4.3,2.4,8.666269672043523,1.0859399294125327,895729
Downtown,1288,4,1.0,18,8217,1,0,0,Fair,C,10.3,0.4,8.577978523639556,3.6594512411136115,702561
Suburban,1676,4,1.0,30,7933,1,1,1,Excellent,C,15.5,2.2,7.211396567470659,2.7991609038205167,977329
Beachfront,1459,3,3.5,18,7583,3,0,0,Fair,D,1.7,2.4,7.687331554267643,2.4380869658465376,939249
Beachfront,2843,2,3.0,48,7742,2,0,1,Poor,C,11.7,4.6,8.857898825291343,1.645284421335762,937773
Suburban,2440,4,2.5,45,4236,3,0,1,Fair,A,2.8,3.2,8.062657290787527,2.366773906752933,853161
Rural,1996,4,3.5,18,6902,2,1,1,Poor,E,1.2,1.6,4.926311341082247,1.4628361047513607,599499
Downtown,2739,3,3.5,21,8185,1,0,0,Excellent,A,1.5,2.7,8.577363525106662,2.196051585272519,1611456
Mountain View,2038,5,1.5,23,8319,2,0,1,Good,E,16.8,0.4,8.19553138808671,0.8107101283934229,1205133
Downtown,1569,3,4.0,44,5944,2,1,0,Good,D,2.8,4.9,7.871340553647944,3.3073456167079702,907246
Downtown,2761,3,1.0,11,10531,1,0,1,Fair,C,1.4,1.9,9.40693474589175,2.7522475817602907,1008580
Rural,2269,5,3.0,29,6267,2,0,0,Good,C,9.0,2.4,6.081082542900823,0.8346125519884736,886395
Downtown,1481,3,2.5,37,9938,2,0,1,Excellent,C,17.0,1.8,7.515881505415182,4.320414009783834,1031393
Suburban,1904,4,3.5,30,8854,1,0,1,Good,E,5.6,3.4,6.624366334234464,2.0043918274490737,823070
Suburban,1562,3,2.5,35,6707,2,0,1,Fair,C,8.7,3.3,8.351114089986716,1.881158341519508,752694
Beachfront,1308,3,1.5,18,11550,2,0,0,Excellent,A,1.3,3.6,8.553569531067794,2.322297716207588,1517425
Mountain View,2463,5,3.0,47,5612,3,1,0,Poor,C,9.3,1.4,5.481030219186685,1.4493345801695872,746084
Downtown,2954,3,3.5,44,9838,0,1,1,Fair,D,11.8,1.6,8.955269237207206,2.1255643516600817,970319
Downtown,1300,4,2.5,35,10001,1,0,1,Poor,A,11.6,0.7,7.961257105010457,3.6276062975618313,618420
Rural,2281,3,1.0,29,6658,2,0,1,Excellent,C,7.0,3.3,5.519352058511759,0.7449195931748913,930275
Suburban,1674,3,4.0,48,10784,1,0,0,Fair,C,6.7,0.3,8.292745289518207,2.03830453522583,790211
Mountain View,1756,2,1.5,32,7499,2,1,1,Fair,B,2.6,3.0,7.50458181447739,1.0188482865619615,936007
Beachfront,1703,4,3.0,17,8577,2,1,0,Excellent,E,7.7,4.4,7.742699999382211,1.808773801165355,1520558
Suburban,1568,3,1.5,48,8520,1,0,0,Good,A,2.4,4.5,8.663732832143474,1.7441182210288484,965385
Beachfront,2024,4,1.0,27,7731,2,1,1,Fair,B,15.4,2.3,9.082112312993141,1.0120183500541902,1214459
Rural,1584,3,3.0,46,9621,2,0,1,Fair,D,19.3,2.4,8.539381622782862,1.0747280448316547,606487
Rural,2135,5,1.5,10,9586,1,0,0,Poor,E,19.4,0.5,5.960105616248288,1.3853751048093936,494154
Downtown,1974,3,2.0,44,4502,3,0,0,Good,A,17.4,3.4,7.391649235320663,2.7204925367034667,933138
Mountain View,1880,4,1.0,32,10608,2,0,0,Poor,C,12.2,4.1,7.626538363336943,1.3297657347945693,709089
Beachfront,1546,4,1.0,16,4675,2,0,1,Poor,A,14.2,1.3,7.870965884870216,1.714842966106767,842262
Suburban,1711,4,1.0,5,10065,2,0,1,Good,C,6.1,2.2,7.305243126531353,0.9476252471404927,895928
Rural,2377,4,2.0,3,10253,2,0,0,Good,E,12.8,4.2,4.595760433738411,2.1908567658662728,711453
Downtown,2250,4,2.0,19,5818,3,1,0,Excellent,C,9.4,4.4,8.59253030731776,2.8416945219903362,1315020
Downtown,1511,4,2.5,47,7178,2,0,1,Good,D,9.9,1.3,8.409636118683993,2.8161461068407903,923036
Beachfront,2049,3,3.5,46,5788,2,0,1,Fair,C,15.3,2.8,7.148337825665607,1.4104458928185757,1064345
Rural,2375,2,4.0,26,7570,2,0,1,Good,D,6.0,1.0,5.8658197893230755,1.4136180538287115,832554
Mountain View,1165,5,1.5,14,7383,1,0,0,Excellent,E,6.7,0.6,5.76043771391976,1.883255900163817,1008867
Rural,2271,4,2.5,5,9559,2,0,0,Excellent,E,18.5,4.6,6.519358745637888,1.5799199831941722,896537
Beachfront,1668,4,1.5,46,10620,1,0,1,Excellent,A,1.6,4.1,7.241029301096655,2.0169513618411687,1455870
Beachfront,2285,3,4.0,13,10791,1,0,1,Good,D,10.0,3.8,7.021259163690234,1.404796132162755,1337616
Rural,1618,3,3.5,10,6875,1,0,0,Good,D,18.3,0.3,7.673363946152524,0.7470169005060723,734606
Beachfront,1097,3,2.0,38,7581,3,0,1,Poor,B,12.4,4.2,7.727589983396313,2.462987550357308,791501
Rural,1186,4,3.5,8,4633,2,0,0,Poor,B,11.2,2.2,5.410547600061282,0.48706594701526185,455365
Suburban,2024,3,2.0,25,6388,2,0,1,Fair,B,5.4,1.8,7.5873916998060125,3.0210889552673654,844331
Rural,2129,3,4.0,15,9929,2,0,1,Poor,C,7.2,2.8,4.4175720259763605,1.0311656748095614,631939
Rural,1547,3,3.5,4,11231,2,0,0,Fair,B,17.1,0.5,6.816837011430981,1.0535849576297982,685600
Beachfront,2319,2,2.5,9,5531,3,1,1,Excellent,D,11.4,3.8,9.233724278336194,1.9544620698234865,1518276
Beachfront,1169,3,3.0,49,6815,2,0,1,Poor,C,10.5,3.0,7.1949048189694915,1.9112020026206304,818045
Downtown,1966,3,2.5,2,7947,1,0,1,Good,E,2.4,1.0,8.356972759266926,2.154326895505887,964263
Downtown,1394,4,1.5,12,8560,1,0,1,Poor,A,0.8,1.0,8.081278422056199,2.9859010340933283,713949
Suburban,1674,3,2.5,42,6380,2,0,0,Fair,B,19.3,1.0,8.41418728833109,2.077662499599701,628728
Downtown,2023,3,4.0,48,8848,2,0,1,Poor,E,7.9,0.4,7.962106918283169,2.9373517778781784,671613
Rural,1569,2,1.0,29,7052,1,1,0,Excellent,D,12.3,3.0,4.619401294100349,0.4607436293177014,697647
Beachfront,1807,2,1.5,44,7971,0,1,1,Good,A,2.1,4.2,8.188475761018102,2.3279460688937914,1378808
Downtown,2503,3,3.5,5,9092,2,1,1,Fair,E,13.8,0.2,10.38837199287044,3.2412402484067293,953817
Downtown,1711,3,1.5,16,8012,0,0,1,Good,A,18.7,0.3,9.184256645196173,3.0845051456928627,936459
Suburban,2417,4,3.0,44,7127,2,0,0,Good,B,11.7,2.9,7.447393937068975,2.1990736325612685,1035657
Suburban,1435,3,2.0,18,7780,3,0,1,Fair,D,3.0,4.1,6.4987658922097875,1.9710461250615456,693201
Rural,2264,4,3.5,41,7823,2,0,1,Good,A,11.8,1.7,5.563844558492515,0.9123527350479936,902858
Beachfront,2720,4,1.5,34,7259,1,0,1,Good,E,15.4,1.8,7.343310654372587,2.4819534670379313,1210831
Suburban,764,4,3.5,45,7482,2,0,0,Poor,B,8.4,3.0,6.551457163472139,1.632441599637706,521550
Downtown,1601,2,3.5,25,11197,2,1,0,Good,B,17.7,1.4,8.722826894985513,3.7979945496122367,1108405
Beachfront,2288,3,3.5,4,9121,2,0,1,Good,E,13.1,0.2,7.739690958728563,1.989950624115174,1244188
Beachfront,1898,3,2.0,28,7409,3,0,1,Good,E,18.0,3.7,6.489958788014748,1.6143998502253547,895707
Downtown,2185,3,4.0,36,9393,1,0,0,Good,A,12.7,3.2,8.111799158203388,3.9235086160473687,1127535
Suburban,1698,5,2.5,19,7332,2,0,1,Fair,C,3.1,2.9,7.238554953773739,1.9070377595256147,848128
Downtown,2043,3,3.5,48,10346,2,0,1,Excellent,B,6.5,3.7,9.00715720059667,1.9493766781721988,1408193
Beachfront,1922,3,1.0,20,8739,2,0,1,Poor,A,4.4,3.4,7.779461770843462,1.1130151919439353,960708
Mountain View,2583,4,4.0,9,7785,1,0,0,Good,E,18.2,1.1,5.4971293913176105,1.5193030346044083,992904
Mountain View,2127,4,3.0,4,8895,2,0,0,Good,A,15.3,1.8,6.254057873524398,1.0465791688498711,1042559
Rural,2168,3,2.0,35,4858,2,1,1,Fair,E,13.7,0.7,5.742379514489006,1.1996588008595654,671085
Downtown,1794,2,1.5,5,5746,1,1,0,Excellent,D,6.4,0.7,8.517994776391452,3.868772500590771,1031125
Downtown,1756,3,2.0,25,5612,1,0,1,Good,E,4.1,3.4,8.026204752774035,1.8136635728901456,905938
Rural,1783,3,1.5,3,8285,2,0,1,Fair,E,15.3,4.3,5.930366546699892,1.18019669750904,564700
Rural,2197,2,2.0,38,11465,1,1,1,Poor,E,9.7,4.8,6.689164457074336,1.2521439266921361,593576
Rural,1789,3,1.5,38,12462,1,1,1,Poor,C,4.9,3.2,5.316365717713612,1.1454823650687214,580211
Beachfront,2144,2,3.5,49,9276,1,0,1,Good,E,12.5,1.0,7.806294620195038,1.65697512148241,1143531
Downtown,3037,2,2.5,34,9001,2,0,0,Good,B,1.3,0.6,7.696435674734086,3.587855888137735,1161487
Beachfront,2435,3,1.5,0,4397,2,0,1,Excellent,B,6.9,4.1,8.540287944035695,1.6913938766760193,1785783
Rural,1836,3,1.5,23,6914,2,1,1,Excellent,A,9.6,2.9,5.726270747833239,0.7464956703649721,953635
Downtown,2600,3,1.0,35,6424,1,1,1,Good,C,3.4,3.1,7.919082662337312,3.619738784702869,1108729
Beachfront,1795,4,1.5,5,6758,2,0,0,Fair,A,19.7,3.9,8.22328091325537,2.0535287264961486,1044122
Beachfront,980,4,1.0,40,7663,2,1,0,Excellent,B,4.6,3.5,6.801607875047955,1.8274265594309864,1412859
Rural,1495,3,3.0,45,7055,2,0,0,Good,B,3.0,4.2,5.985729647050611,0.7430496866755785,788842
Downtown,1064,3,3.5,43,4041,3,1,1,Excellent,D,4.5,0.4,4.829574264121945,1.088683108337496,1008300
Rural,1824,3,1.0,30,9495,0,0,1,Good,E,15.5,3.8,6.149597957518788,0.400524301003062,639281
Downtown,2009,4,2.5,19,5854,2,1,1,Poor,B,8.8,4.3,8.210600839297642,3.0929792465294095,732182
Mountain View,2838,4,4.0,23,8478,1,0,0,Good,A,11.5,1.5,6.338458557484708,0.7445054149021364,1324461
Suburban,2163,2,3.5,24,12148,2,0,0,Poor,A,0.9,3.2,5.709438578053781,1.2003026189028443,768895
Suburban,1890,5,1.0,35,6161,1,0,1,Excellent,E,1.2,1.6,6.856741084635807,3.138543249026652,913672
Suburban,2414,2,3.5,20,2939,1,1,1,Good,E,9.2,4.8,8.096547118230253,1.382744000788802,978315
Rural,894,3,3.5,29,7427,1,1,0,Excellent,D,16.4,0.3,6.0978271747079225,1.8923875195925475,748977
Mountain View,2117,4,3.5,23,10201,2,1,1,Poor,C,17.8,2.9,7.753419463502431,-0.27677479802794913,877388
Downtown,2385,4,3.0,43,11916,1,1,0,Good,A,2.2,0.9,7.51152391988964,2.531503886639684,1271139
Beachfront,1260,4,2.5,41,5540,2,0,1,Excellent,E,11.0,3.6,9.084198244043543,2.343966486025714,1275234
Downtown,2571,4,2.0,29,8993,2,0,1,Poor,A,18.3,1.0,9.592669998282885,2.2412347420646253,822205
Beachfront,2169,3,2.0,21,7069,1,0,0,Excellent,E,8.1,1.3,8.210303040221996,1.6935083643646553,1503853
Downtown,1792,4,1.0,27,7788,2,0,0,Fair,B,16.7,2.5,8.019344070811755,4.350852330699006,780330
Mountain View,2316,2,3.5,6,13288,1,0,1,Poor,A,3.1,4.6,6.385461216308904,0.9158075387635738,997233
Beachfront,3135,4,1.0,34,4994,2,0,0,Poor,B,18.7,1.1,8.198393517177486,1.9714794165735292,917705
Rural,2090,3,3.0,27,8507,2,0,1,Poor,A,15.2,0.8,6.43600577522258,1.0067251823096466,704642
Downtown,2124,4,3.0,13,8935,1,0,1,Good,C,18.9,3.8,6.811036580465038,2.346320859362581,1123846
Downtown,1770,3,1.5,9,10171,1,0,1,Good,D,13.7,2.6,7.950119845871883,2.19362307088195,864263
Beachfront,1575,4,3.0,15,8195,1,0,1,Good,B,7.6,4.6,7.990817646614861,2.5919937215984445,1351145
Rural,2415,3,1.5,15,8616,3,1,1,Fair,E,18.8,0.8,6.843839509641738,0.8875734721025741,721417
Rural,1571,4,2.5,30,7216,2,0,0,Fair,C,5.9,3.3,6.392634115650968,0.5356039592737707,621865
Mountain View,2035,2,1.0,41,8538,2,1,1,Poor,A,7.0,1.2,6.143651481718796,0.8369937520915754,815155
Rural,1761,2,4.0,24,7313,2,0,1,Fair,B,14.2,0.9,6.4535855235092185,2.467828951163889,721324
Rural,2239,3,2.5,12,9243,1,0,1,Excellent,A,15.4,3.4,4.417776833253522,0.46333598388855224,1011579
Rural,2166,3,3.0,5,7260,2,0,0,Poor,A,18.6,3.0,6.0502276991656805,0.7855760371969633,674691
Suburban,2518,4,2.5,43,8754,2,0,0,Poor,A,4.5,3.8,4.808746148834719,1.4840168580764104,643195
Mountain View,1744,3,2.5,8,7941,1,0,1,Excellent,D,16.1,1.6,6.388366263305441,1.1951830971976878,1042766
Downtown,1865,5,2.5,44,10252,1,0,0,Poor,D,14.9,2.3,6.953878914937496,3.0756949400050932,632388
Beachfront,1510,3,3.0,35,7897,1,0,1,Fair,E,1.7,2.1,7.48224255277778,2.1709126069774833,918501
Downtown,1777,3,4.0,42,4453,2,0,1,Good,B,8.1,4.9,8.473407415712467,3.685589746298416,997866
Mountain View,2188,4,3.5,19,10523,3,0,1,Excellent,C,6.0,1.5,8.118632334154212,0.9230473865126562,1673182
Beachfront,2378,4,2.5,17,6188,1,0,1,Fair,C,6.4,1.5,8.217802339748726,1.9699812291557177,1209199
Mountain View,1538,3,1.5,42,6692,2,0,1,Excellent,C,19.7,1.8,7.013043374376952,0.8398074702816029,1128766
Rural,2434,3,3.0,20,6808,1,0,1,Excellent,A,13.0,2.9,6.479507548001608,1.2079184181430302,1170000
Beachfront,2677,4,2.5,3,10748,3,1,0,Poor,D,14.5,1.3,8.475588435928582,1.6990277790324115,1070178
Rural,2206,3,4.0,49,3728,1,0,1,Poor,B,19.5,4.6,6.72894119457045,1.300106482872139,573017
Downtown,2938,5,3.5,32,14275,2,0,1,Fair,A,7.9,1.4,8.290947364339486,2.858351413989873,1415902
Downtown,1613,5,3.0,26,10112,2,1,1,Excellent,D,16.1,4.5,8.957839631108268,4.166370545669253,1173698
Beachfront,1377,4,2.0,6,8446,2,0,1,Poor,D,9.0,0.6,6.253104308654445,1.6833843016425114,836870
Beachfront,1110,3,3.5,5,7890,2,0,1,Poor,B,17.5,3.3,7.4612391626539045,1.574693373524026,839338
Mountain View,2748,4,1.5,14,8571,1,0,1,Excellent,B,4.0,4.5,6.820748974643088,0.11030053474638968,1477663
Mountain View,2327,2,2.5,17,9042,1,0,1,Fair,B,19.0,0.9,6.889994501298948,0.5300160854249667,1045527
Rural,1972,2,4.0,31,9290,1,0,0,Fair,A,4.8,4.8,5.307649225766205,1.478966027607842,752426
Beachfront,2139,3,2.0,10,9111,1,1,1,Excellent,E,6.9,2.3,7.745053029596411,1.7294965671085503,1537259
Downtown,1437,3,4.0,19,8179,2,0,1,Fair,B,15.2,4.7,7.209118208305434,3.5309756619640904,861234
Mountain View,3222,4,2.0,23,7605,1,0,1,Poor,E,8.2,3.4,8.292060334326523,1.2383255204002788,876373
Mountain View,2064,4,3.0,14,7697,1,0,1,Excellent,A,12.4,1.6,6.250828273396758,1.857953815566347,1366779
Downtown,2054,4,2.0,47,7610,2,0,1,Poor,E,9.2,1.0,8.034008096228147,0.8217886802685697,721769
Mountain View,2362,3,1.5,6,10267,3,0,0,Good,C,15.0,1.6,8.315508290940103,0.9512373081271883,1211044
Rural,2240,3,1.5,20,9187,2,0,1,Good,E,5.0,0.6,5.340960725111355,1.9038042538846316,768207
Beachfront,2111,3,1.0,41,2119,1,0,0,Fair,B,1.6,0.8,8.256170605694278,2.3778329193721572,927265
Downtown,1604,5,1.5,25,9311,1,0,1,Good,A,6.3,0.6,6.634978204573365,2.470533036492992,1067400
Beachfront,2235,2,3.5,43,8389,3,0,1,Poor,B,9.7,2.2,9.193311005927125,1.8890558643538657,1008870
Mountain View,2941,4,2.0,13,7962,1,0,0,Good,C,3.8,4.0,7.210496298921504,1.1639055367870617,1374883
Mountain View,2672,3,1.5,36,7222,1,1,0,Poor,B,7.4,0.8,6.839580618024653,1.4762390784764028,873394
Downtown,2796,3,3.0,20,10248,2,0,1,Fair,B,8.3,0.7,8.701494781924714,2.438157900648301,1156218
Rural,1744,4,4.0,17,9895,2,0,0,Fair,B,1.6,3.3,5.425899324716402,1.2530788277303562,807972
Suburban,1505,3,4.0,4,6454,2,0,1,Poor,D,11.9,1.1,8.534482101794515,1.7798703978067998,597399
Downtown,1937,4,1.0,2,8814,1,0,0,Good,C,17.7,0.6,8.518871180440122,3.4793609534294223,1028263
Suburban,2027,5,4.0,22,6056,0,0,0,Fair,B,3.5,0.9,8.12237421870316,2.6440378624261887,990031
Suburban,2547,3,2.0,25,5240,3,0,1,Excellent,B,12.2,4.6,6.540235384169524,2.007254499631327,1175861
Rural,1153,3,1.0,36,6746,1,0,1,Fair,B,13.5,4.1,6.536413899891343,0.4719846000166662,573501
Suburban,2764,3,2.0,23,9724,2,1,1,Good,A,8.7,1.8,7.54339082787181,1.3819321019847688,1210063
Suburban,1920,5,3.0,48,9906,2,0,1,Excellent,D,14.2,3.3,7.0031477269063265,2.6271691803786696,997352
Rural,1786,3,1.0,18,9026,2,0,1,Good,A,8.5,2.7,7.033881054924208,0.8715274374391092,886017
Suburban,1493,4,2.5,24,9450,1,1,1,Poor,D,10.3,3.4,8.229990368438683,2.3655003133927406,630864
Suburban,1172,4,3.5,20,9032,1,1,1,Excellent,B,0.6,3.4,7.982683142769941,2.269217478608226,1178486
Suburban,2411,4,3.5,11,6717,2,1,1,Good,C,14.0,3.2,5.599929276816991,2.35786712058542,1001552
Downtown,2036,3,2.0,40,8863,2,0,1,Excellent,E,13.4,1.4,8.495805021027572,0.3751829436258878,1204068
Downtown,1355,4,4.0,32,9600,3,0,1,Good,E,1.2,0.3,8.001619031356942,5.549009708717723,848419
Downtown,1352,5,2.5,49,9508,1,0,0,Excellent,B,7.7,2.3,8.414772890788791,3.53102609489421,1206702
Rural,1832,3,1.0,3,10377,1,0,1,Good,A,19.6,4.5,5.592539892708398,1.1539161862569425,805584
Mountain View,2834,3,2.5,41,9416,3,0,0,Poor,C,8.7,2.9,9.500900497934282,0.5945530318998753,986863
Suburban,1870,5,2.5,6,8702,2,0,1,Excellent,D,10.3,4.2,7.587262413464177,3.1971809502912256,1135739
Suburban,1248,3,4.0,21,10140,2,1,0,Excellent,B,18.2,5.0,6.794372146356753,3.092547447518056,944171
Rural,1877,4,1.0,32,7946,1,0,1,Excellent,C,14.5,0.9,6.907962313627049,2.034113020752912,914210
Suburban,1863,3,3.0,16,6236,2,1,1,Excellent,C,11.9,3.5,7.0828325705181,1.6566423284983522,1056197
Downtown,651,3,4.0,23,7673,2,0,0,Poor,D,16.1,3.4,9.604339108308597,3.148876803917691,537061
Mountain View,1972,4,2.5,33,6510,2,0,0,Excellent,C,17.4,4.9,5.944360510201403,1.183407021642721,1122907
Beachfront,1884,3,2.5,27,6649,2,0,0,Fair,A,9.4,4.9,7.228259185403218,1.3251134653093843,1071066
Suburban,2348,3,3.0,42,7710,0,0,1,Poor,A,9.8,3.5,6.271828099030184,2.8119424964055764,644982
Downtown,2924,3,2.5,40,6415,2,0,1,Fair,A,8.0,1.3,7.714905742957986,4.1815677164191465,1015068
Beachfront,2563,3,2.5,38,7384,1,0,0,Excellent,C,19.4,4.0,7.502038153182158,2.8840846465298915,1503892
Mountain View,1865,3,2.5,21,4212,2,1,1,Good,A,14.1,0.6,6.646314240432994,0.6297549468339206,1151538
Beachfront,1446,3,3.5,48,8426,3,0,1,Fair,D,2.1,3.9,7.48746588935345,2.1599825955725813,911653
Downtown,3286,5,4.0,16,8002,1,0,1,Excellent,C,17.3,4.6,8.138645183710084,5.343654052812624,1532237
Beachfront,2029,3,1.5,33,6365,2,0,1,Fair,E,9.9,2.0,7.198472409895459,1.2965282997434153,883498
Rural,2006,4,4.0,5,9318,1,0,1,Excellent,C,1.8,3.2,6.123479809164595,0.3010972607878515,1191729
Beachfront,1987,3,3.0,45,9875,2,0,1,Excellent,D,11.2,2.2,7.652813504887738,1.779075536379588,1497404
Suburban,2099,4,2.5,5,4784,3,0,0,Excellent,E,8.6,2.2,8.748137069120835,2.1915840948794503,1092243
Suburban,1927,3,4.0,33,6474,1,0,0,Good,C,17.6,1.6,8.040061819902576,2.2495479080688745,928117
Rural,1713,5,3.5,0,6461,0,0,0,Fair,A,4.5,3.8,5.875714222837564,1.6012882526126138,795832
Downtown,1726,3,3.0,9,6120,2,0,0,Poor,B,16.6,4.7,6.91387370081859,3.870746644588403,601714
Suburban,1983,3,2.0,20,9658,1,0,1,Poor,B,11.4,4.7,6.260228836027033,1.1538645841783357,700781
Mountain View,1728,2,4.0,4,7612,2,0,1,Poor,A,1.6,1.0,5.767568760835999,1.4324122192455058,830019
Suburban,1643,3,2.0,1,7470,3,0,1,Poor,B,19.5,4.4,5.665389393089767,1.914807117305902,546649
Suburban,2053,3,2.5,21,3992,2,0,0,Excellent,B,10.5,3.7,6.614327369022152,1.5935882048317176,1099773
Downtown,1872,3,3.5,47,9270,1,0,0,Fair,A,6.2,1.3,7.131739038401667,3.94881309647162,893114
Beachfront,2751,4,3.5,1,5521,2,0,1,Fair,A,9.7,0.4,8.77080221998797,2.055443191414209,1468199
Suburban,674,3,4.0,9,8119,2,1,1,Good,C,17.2,1.4,7.434502646091306,2.4140294074466544,874409
Rural,2545,3,3.0,33,8554,0,0,0,Fair,C,6.4,4.6,5.788615770182031,1.0899571847732084,735276
Beachfront,2623,4,3.0,15,10721,2,1,1,Fair,A,4.3,3.2,6.946164504635655,2.8522960466486884,1334687
Mountain View,963,4,3.5,47,5382,2,1,1,Fair,D,3.0,3.6,7.952461970536169,1.0757015239758663,859184
Downtown,1828,3,3.0,38,1960,2,0,1,Good,B,6.3,1.4,8.097813293093308,3.1306900244643825,1053819
Mountain View,1814,3,3.5,21,8367,1,0,1,Poor,C,15.7,3.6,8.689188933651678,1.1492259069907198,742011
Beachfront,1296,2,4.0,11,11601,2,0,0,Fair,B,9.7,0.2,8.427814395152904,1.4459437708705654,1033315
Beachfront,1611,4,1.5,23,10477,1,0,0,Good,E,4.9,1.9,6.2980977699816645,2.4880203596779733,973620
Beachfront,1444,4,3.5,46,8419,1,0,1,Good,A,3.7,3.2,7.438662003557794,2.6997432134861716,1205714
Mountain View,2876,3,2.0,39,7016,2,0,1,Excellent,D,7.0,0.8,8.669922781404638,0.6087007012907055,1481878
Beachfront,2467,4,3.0,37,9614,2,0,1,Good,E,18.8,4.1,7.670510699782014,1.685672847462715,1257602
Mountain View,2635,4,3.5,9,6052,0,1,1,Poor,E,7.2,1.3,8.223948753146004,1.3535161798053925,819809
Beachfront,2360,3,3.5,34,8952,1,0,0,Fair,E,19.8,3.3,9.674859672914065,1.8612431905698832,998170
Rural,1435,4,4.0,48,9010,1,0,1,Good,A,10.0,2.1,6.746611364602157,1.4189152676147403,893208
Beachfront,1737,3,3.0,31,10120,1,0,0,Poor,C,4.0,3.0,7.725197695247312,1.4818453763131147,927360
Mountain View,2244,3,1.5,6,13519,1,0,1,Good,A,17.9,0.6,6.802379532204035,2.0423564606155082,1090007
Suburban,1388,3,4.0,20,8784,1,0,1,Good,C,9.5,0.2,7.240205843946223,2.5355402502014024,890801
Beachfront,2356,2,1.5,19,6982,2,1,1,Good,E,14.3,4.6,5.798756526549082,1.8982694294598477,1094371
Suburban,1879,3,4.0,25,7948,2,0,1,Good,E,19.7,1.4,8.253132824768244,0.9627568244918443,922044
Rural,1812,5,3.0,3,4461,2,0,1,Good,D,1.5,4.1,6.32557781678707,0.9490026416820341,915017
Downtown,2355,2,1.0,45,6610,2,0,1,Poor,C,2.4,5.0,9.103933546701906,2.858474246633052,808713
Rural,2222,3,3.0,21,7181,1,1,1,Fair,E,14.5,1.1,8.275825427647638,0.5787836849368369,758234
Beachfront,1819,3,3.0,14,6951,3,0,0,Fair,B,6.0,1.4,6.00111109313875,1.9817050128285345,1056727
Suburban,2579,5,1.5,39,8304,2,0,0,Fair,D,4.1,3.3,7.789919722180852,1.9889825679978648,821716
Suburban,1459,3,1.5,20,6355,2,0,0,Fair,A,1.3,4.8,7.969569025752907,2.560930752397126,740571
Mountain View,2307,3,3.0,14,10242,2,0,0,Poor,D,0.9,4.6,6.634759022510154,0.49604415228589693,872798
Suburban,2296,2,3.0,21,8000,3,0,1,Excellent,B,15.6,2.6,7.326855400610437,1.9066605188432775,1114053
Mountain View,1845,3,3.0,27,7981,2,0,1,Excellent,C,3.1,4.0,5.328830227505935,0.8301204961762381,1188153
Downtown,2163,5,1.5,13,7344,1,0,1,Poor,A,9.6,0.8,7.743719175748428,2.524204555995099,877325
Beachfront,1374,5,3.0,26,8310,2,0,0,Poor,A,12.3,4.9,8.034029586346682,2.3298249990411852,974841
Mountain View,2462,2,3.0,40,9650,2,1,1,Good,C,8.9,4.8,9.035873535181793,1.115803737084046,1305820
Downtown,1907,5,2.5,39,6265,2,0,1,Good,D,1.0,0.9,7.764083470687876,2.173888008285458,1082797
Suburban,1738,4,1.0,27,6683,2,0,1,Good,E,15.8,1.6,5.6107012697890095,2.364531822501182,656184
Suburban,2524,4,2.0,25,7392,1,0,1,Fair,D,0.7,0.6,6.804301468853098,2.175582733813542,873275
Downtown,1647,3,1.0,48,5308,1,0,1,Good,B,15.4,1.4,7.593114755495625,2.312985900300503,854540
Suburban,1295,3,2.5,1,6361,3,1,0,Excellent,E,17.9,4.1,8.060089739908666,2.170830115976313,938523
Downtown,1221,3,2.0,24,7047,2,0,0,Fair,D,8.9,2.0,7.465243329155677,1.6494440356570168,788750
Mountain View,2303,4,4.0,2,9748,2,0,1,Good,C,10.9,0.5,7.468978078148468,1.3932031059979082,1333588
Mountain View,1359,3,3.0,7,8525,1,0,1,Fair,B,9.8,1.8,6.508043095130517,0.7202268573552655,897579
Downtown,2877,2,2.5,43,8387,1,0,1,Excellent,B,8.1,4.9,8.294971455708822,2.9241285493149767,1472786
Mountain View,959,3,4.0,32,9701,2,0,0,Good,B,17.8,3.2,8.328056888986968,-0.41651514507137,1063906
Mountain View,2848,4,3.0,41,7725,2,0,1,Excellent,E,17.9,2.1,6.027235483239999,1.6795947470820125,1383609
Mountain View,2105,3,1.5,34,8780,2,0,1,Excellent,A,7.0,0.9,7.406622034222674,1.3802530597920715,1465198
Rural,1951,4,3.5,5,7793,2,1,1,Excellent,E,12.5,4.9,5.147775357002676,1.375436389700666,937841
Beachfront,1727,5,2.5,38,8530,2,0,0,Good,D,18.6,4.1,8.613770855789909,2.5450917355102236,1118721
Suburban,2199,2,1.5,22,6834,1,0,0,Poor,A,19.3,1.5,6.948477071475354,1.8643425109658514,628317
Rural,1981,4,2.5,24,3122,2,1,1,Good,D,10.4,0.4,6.518101702029976,1.3272155135528105,857743
Mountain View,2551,3,2.5,49,7731,2,0,1,Excellent,A,9.3,0.4,6.827370865709165,0.12852623475666736,1531243
Downtown,2057,4,1.5,42,10845,2,0,0,Good,E,5.9,0.7,6.502742354821356,1.3153324227736132,943522
Mountain View,2075,3,2.0,18,9852,2,0,0,Excellent,B,19.2,2.9,7.638677139880301,0.6962156041102221,1271243
Beachfront,1818,4,1.0,4,9930,3,0,1,Poor,C,3.3,4.7,8.375455857627253,1.6259519676891765,953630
Mountain View,1971,4,3.0,10,10472,1,0,1,Fair,B,11.8,2.5,6.936426460813879,1.784091214763663,1027840
Downtown,2153,5,2.5,11,8177,2,0,1,Poor,E,6.0,4.2,9.280939576666727,3.1909165241437107,816357
Beachfront,1144,4,3.0,9,8394,1,1,1,Poor,A,5.9,2.3,8.16757010580099,1.0163374678870027,972068
Mountain View,1325,3,3.5,7,6764,2,0,1,Fair,B,8.4,3.6,5.549072108888776,1.723898209228933,784076
Beachfront,2371,4,1.5,23,7367,0,0,0,Good,E,20.0,3.7,9.162259597505667,1.989377610361879,1108445
Suburban,2085,4,3.0,27,9231,1,0,1,Fair,D,1.6,1.0,7.503090368623747,1.3917095979321452,784287
Suburban,1908,3,1.5,40,10407,2,0,1,Good,C,11.8,1.9,6.6812516847538665,1.4392349262874862,904408
Mountain View,2009,2,3.0,35,7721,1,0,1,Good,B,2.1,3.2,7.075576372670038,1.4693200113394722,1224994
Beachfront,2173,5,1.0,36,7099,2,0,1,Excellent,A,3.5,0.4,7.460408779262869,2.14676876498432,1730733
Downtown,1730,4,1.0,20,8001,3,1,0,Excellent,D,9.1,1.9,7.33457770187054,2.963669391957658,1177036
Mountain View,1610,4,1.0,7,9202,1,0,0,Fair,E,10.5,2.7,8.048864141875361,0.9119437830200687,802480
Suburban,2097,3,1.0,8,5112,2,0,1,Poor,C,5.5,5.0,5.970188151458155,2.3546762572276587,561316
Suburban,1510,4,1.0,46,3407,2,0,0,Fair,A,6.7,2.4,6.87665593595389,2.0097291277594413,645825
Mountain View,2204,3,1.0,14,6898,2,0,0,Good,E,2.2,4.1,6.970783594146015,1.041493709406255,956232
Beachfront,1148,4,1.5,47,5558,1,0,1,Excellent,E,6.4,2.2,8.894910556026826,2.124708843842521,1109930
Suburban,2514,3,2.5,45,6983,1,0,1,Fair,B,19.3,4.0,7.309047443032654,1.9307438776963877,811019
Beachfront,2236,4,3.0,39,7704,1,0,1,Fair,B,18.9,3.0,6.367985114973583,1.836663376245478,1068208
Suburban,2128,5,1.0,17,7093,1,0,1,Excellent,A,7.0,4.4,6.344312280538556,1.7880549788388238,1210603
Suburban,2491,2,1.5,41,10904,1,0,1,Excellent,E,11.6,2.1,6.7642887551433315,1.847405577259624,973102
Rural,2832,5,1.5,19,8653,2,0,1,Excellent,B,18.2,3.1,5.470798990188487,1.486028482869861,1134354
Suburban,2507,3,1.5,5,8600,2,0,1,Good,C,0.6,3.2,6.060536758014018,2.5234558972440695,914406
Downtown,1079,4,2.5,11,9244,2,1,1,Excellent,C,16.3,2.1,8.72190348543814,3.146935298386688,1171201
Mountain View,1360,4,3.0,1,5722,2,0,1,Poor,E,19.0,0.8,7.775115121589086,0.9345370974369368,677348
Mountain View,1687,3,2.5,6,10078,1,0,1,Fair,B,2.3,0.6,5.954470514325947,1.5641198916344186,877802
Beachfront,2013,4,2.0,15,7848,1,0,1,Excellent,A,3.6,0.2,7.095052167061934,2.0623760498319674,1686404
Suburban,2258,4,4.0,2,9340,1,0,1,Excellent,A,19.2,4.4,8.119244917564096,1.8323779590659866,1413500
Downtown,1637,3,1.5,44,5856,1,0,1,Good,A,11.0,1.3,6.730001402606124,2.4778684299800076,871792
Beachfront,2093,3,2.0,2,4892,2,0,0,Good,C,0.8,1.1,6.192958605068184,2.757722404176124,1134602
Rural,1622,4,3.5,26,9635,2,0,1,Fair,B,5.5,3.7,5.1307130130113565,0.9933476823106824,747900
Beachfront,1694,4,1.0,49,8752,1,1,0,Poor,B,9.3,1.7,7.725154699330208,2.190867084481255,816166
Beachfront,1296,4,4.0,42,6195,1,0,1,Fair,C,14.0,2.6,7.953738782733658,1.8133157874984578,1020059
Suburban,1538,4,1.0,39,6260,2,0,1,Excellent,A,14.8,0.9,6.705544242411966,1.3294676433492156,935322
Rural,1324,3,2.5,37,10250,2,0,1,Poor,A,19.9,4.8,5.989132862965028,0.7000889883400754,550105
Beachfront,1512,4,4.0,32,5621,1,1,1,Poor,E,6.1,4.3,8.11410149222652,1.7499010914520023,928874
Downtown,2526,3,3.0,27,11285,3,0,1,Poor,D,11.0,4.3,8.668840130546219,6.076860370180503,690343
Downtown,1525,3,2.0,0,6198,3,0,1,Poor,B,10.9,2.1,8.671944607814497,4.360115900180313,701670
Mountain View,3316,2,3.0,7,9276,1,0,1,Fair,B,8.4,3.8,6.973739206730148,0.562078796752445,1159752
Rural,2246,3,2.5,36,7342,1,0,1,Good,B,3.8,0.8,6.137352479407036,0.22060650248807923,987026
Rural,2092,3,1.0,31,9206,2,0,0,Good,D,19.6,0.1,8.918173555060093,1.4096866340697032,740932
Mountain View,1570,3,4.0,47,6911,3,1,0,Excellent,E,17.1,0.2,6.375489544911423,0.5971001725578977,1152070
Beachfront,2350,4,3.0,42,7674,2,0,0,Good,D,10.2,3.0,8.061883352887135,1.9150738211611347,1229198
Rural,1712,3,3.0,36,8081,1,1,1,Good,A,12.3,2.3,5.815854184316798,1.211944741221993,866852
Downtown,2061,3,1.0,3,5995,1,0,1,Good,A,4.9,2.6,8.384202072005897,1.7554574999152772,1085841
Downtown,3280,3,4.0,29,9481,2,0,1,Good,B,11.1,0.1,7.005571478200208,3.2328680874268985,1355392
Suburban,1951,3,2.0,5,6973,2,0,0,Excellent,C,14.1,2.2,8.452755545126184,2.3718258877700866,1021111
Rural,2574,3,1.0,45,7542,1,0,0,Fair,B,10.5,3.6,4.869821270515317,0.5171086835680203,695232
Beachfront,1648,2,3.0,18,6011,2,1,1,Poor,C,19.8,2.3,7.072446669188272,2.81836998091532,770922
Mountain View,1982,4,2.0,31,2875,2,1,0,Good,D,12.4,3.7,7.74698084010471,1.5051372934180078,1010350
Mountain View,2885,4,2.0,8,7617,2,1,1,Fair,A,7.7,1.2,7.031491562261996,0.9778192722442192,1260649
Beachfront,1686,4,1.0,11,12825,2,0,1,Good,C,15.6,4.1,7.809759155586784,1.9083496452369013,1183875
Suburban,2906,3,3.0,10,9569,2,0,1,Good,D,3.8,3.0,8.528747850540908,1.8975616680676415,1164405
Mountain View,2353,3,2.5,45,7961,2,0,0,Poor,A,8.0,1.1,7.690073676336612,1.6892336777269041,941817
Rural,1718,4,3.0,15,7474,2,1,0,Poor,C,7.3,1.3,6.273010717494386,0.7307131633516879,602330
Suburban,2316,3,1.5,0,8044,1,0,0,Poor,B,8.9,3.2,6.918954035278256,2.0156979327663884,699711
Rural,2486,3,4.0,44,9094,2,0,1,Good,B,15.7,4.2,3.9253599624536317,0.7666205940242797,932536
Downtown,2310,2,3.5,20,5638,1,0,1,Good,B,9.9,2.1,8.249548189598077,2.391993857062676,1089693
Suburban,1214,3,2.5,29,10228,2,0,0,Good,D,16.0,1.4,5.9915512674526505,2.803789153199755,600613
Mountain View,1636,3,2.0,12,9430,1,1,1,Poor,B,11.7,4.3,8.087710426157866,0.6642438965097271,844944
Suburban,1876,3,2.5,33,9436,1,0,1,Excellent,E,7.2,3.4,4.914102122266662,1.9897197213247464,830592
Suburban,1962,3,4.0,3,8876,1,0,0,Fair,A,16.3,2.3,5.527962926973208,2.144591836559363,860448
Suburban,2310,3,2.0,27,8039,0,0,1,Excellent,D,5.1,2.5,5.62616517510134,1.4105382543508374,998940
Suburban,2088,4,4.0,37,9345,2,0,1,Good,B,4.9,1.1,8.378469627461504,1.89016527382452,1106308
Rural,1332,4,2.0,30,9183,2,0,0,Good,A,10.3,3.2,5.9080432173957345,0.25850778400879104,748341
Downtown,2190,4,2.5,26,7291,2,0,1,Excellent,C,5.6,1.9,6.816943815265611,1.985520273292586,1356135
Beachfront,2305,4,2.0,4,6852,1,1,1,Good,B,0.7,5.0,6.502553331394251,1.990102827739646,1363607
Suburban,2279,5,2.0,24,8203,1,1,1,Fair,A,13.1,2.5,7.115824587226946,2.3047630226043005,932511
Mountain View,2540,2,1.5,2,11098,0,0,1,Good,E,10.5,2.5,7.691618575121389,0.9726108198305875,1115227
Suburban,2416,3,3.0,32,5521,1,0,1,Fair,C,9.2,2.9,7.389604524091988,1.2223131330793788,810373
Mountain View,2229,2,3.0,3,5064,2,1,1,Excellent,E,19.4,4.6,7.273118434293644,0.5387935075780234,1235899
Rural,1964,4,3.5,24,8329,1,0,1,Excellent,A,11.6,4.0,6.0160252822951605,0.5911588016974332,1151940
Mountain View,1169,4,3.5,19,8101,1,0,1,Good,E,17.3,2.3,6.001787741488595,1.0036813407117835,864148
Beachfront,2214,3,1.5,33,8346,1,0,1,Fair,A,3.2,3.6,9.36322897513225,1.7588432145318484,1326640
Downtown,2103,5,3.5,25,8487,1,0,0,Good,A,11.6,3.0,7.747236744903814,1.659927928876065,1224336
Mountain View,2135,2,4.0,4,7553,2,0,1,Poor,E,17.4,2.5,6.997213889333099,0.26072653150060054,731475
Mountain View,1361,5,2.5,34,10979,2,1,1,Poor,A,11.9,1.0,6.466909597984167,0.7561832895225186,825649
Downtown,1459,3,1.0,27,4798,1,0,1,Poor,B,14.5,2.4,9.029413100955326,3.4322166907592537,560033
Beachfront,2526,3,4.0,28,6343,1,0,1,Poor,A,7.8,1.3,7.696373927101999,2.5494916787209823,1067109
Suburban,1980,3,1.0,8,7793,1,0,0,Good,D,2.3,4.6,4.779578991064874,2.100422546557855,785672
Mountain View,2340,3,1.0,37,4713,1,0,1,Poor,A,9.4,1.7,6.655936043295774,0.2818730675359411,762882
Downtown,2014,3,1.5,49,7648,1,0,0,Fair,D,8.2,4.8,8.796701927070742,2.318619764930426,754795
Rural,2014,3,4.0,5,11322,3,0,1,Excellent,A,17.4,2.7,6.7946003829452115,0.43308482159682293,1234457
Downtown,2469,4,1.5,18,8041,2,0,1,Excellent,A,5.3,3.2,8.015182942540433,3.967826024025204,1483957
Rural,1741,3,2.0,43,8461,2,0,1,Poor,E,19.4,2.8,6.973622249427847,0.7937604940560317,480441
Beachfront,2048,3,1.0,10,5479,2,1,1,Poor,B,19.2,0.7,7.511113880956309,2.9799186273723377,850124
Suburban,1768,4,2.5,1,6767,2,1,1,Poor,B,5.3,1.9,5.802033570782738,2.0503955363224033,643338
Downtown,1782,4,3.5,46,7249,2,0,1,Good,C,7.3,0.6,7.025193424077158,3.993782214530439,966630
Mountain View,1845,3,2.5,43,7364,2,0,1,Excellent,E,18.0,3.2,6.625465849249749,1.346961616595629,965308
Beachfront,2111,3,3.5,43,10563,2,0,1,Poor,E,19.3,2.3,9.588940328444084,2.2253065247156942,884940
Downtown,1760,3,1.0,8,9115,1,0,1,Fair,B,9.1,3.9,8.645587712174194,4.3739143852114495,859164
Mountain View,2627,3,1.0,20,5777,2,0,0,Poor,E,6.8,1.2,6.020074425217755,1.358294669879826,624257
Downtown,1552,4,1.0,23,8493,2,0,0,Excellent,B,10.8,0.9,8.019381237698026,2.147613233925896,1080195
Rural,1906,3,1.5,33,8996,2,0,1,Poor,E,13.9,2.1,5.496430381092282,0.6306512508352187,507172
Downtown,1780,3,4.0,21,10280,2,1,1,Excellent,A,5.8,4.6,5.679684401769577,3.4753656106920103,1284136
Downtown,2723,4,3.5,2,11161,2,1,1,Poor,B,14.9,3.6,8.782629826316517,3.6324542166423006,1019082
Downtown,2098,3,4.0,11,5969,1,1,0,Fair,B,1.5,2.2,7.975767166130308,2.525821824896035,1027304
