tenure_months,monthly_charges,total_usage_gb,customer_service_calls,payment_delay_months,contract_length,services_count,satisfaction_score,churned
7.0,179.42,-65.0,-8.0,5.0,2-Year,2.0,5.0,0
52.0,88.84,91.0,-3.0,1.0,1-Year,1.0,5.0,0
24.0,84.15,43.0,0.0,3.0,2-Year,1.0,5.0,0
26.0,21.82,228.0,-1.0,4.0,1-Year,2.0,3.0,0
3.0,92.24,144.0,0.0,2.0,Monthly,3.0,1.0,1
18.0,84.97,148.0,-2.0,3.0,1-Year,2.0,2.0,1
30.0,69.53,106.0,3.0,2.0,2-Year,1.0,5.0,1
41.0,13.52,-34.0,1.0,5.0,2-Year,1.0,1.0,0
19.0,102.77,194.0,1.0,1.0,Monthly,1.0,1.0,0
33.0,11.31,93.0,5.0,2.0,2-Year,1.0,1.0,1
12.0,64.35,309.0,2.0,3.0,2-Year,1.0,2.0,0
40.0,140.07,76.0,-6.0,2.0,1-Year,1.0,5.0,0
41.0,12.46,572.0,2.0,0.0,Monthly,1.0,1.0,1
28.0,0.69,77.0,4.0,5.0,2-Year,1.0,3.0,1
-22.0,173.67,86.0,-1.0,2.0,Monthly,2.0,1.0,0
-21.0,210.28,29.0,-5.0,3.0,1-Year,1.0,1.0,0
44.0,28.78,136.0,-2.0,2.0,1-Year,3.0,3.0,1
49.0,36.56,351.0,2.0,-0.0,Monthly,1.0,4.0,1
-7.0,160.26,151.0,6.0,0.0,Monthly,1.0,5.0,0
-2.0,121.03,92.0,2.0,1.0,1-Year,1.0,1.0,0
20.0,46.81,314.0,-1.0,4.0,2-Year,1.0,3.0,1
40.0,-2.33,283.0,4.0,0.0,Monthly,2.0,1.0,0
43.0,-75.51,-515.0,5.0,5.0,2-Year,5.0,1.0,1
23.0,40.77,167.0,2.0,3.0,1-Year,3.0,5.0,0
16.0,7.24,470.0,6.0,2.0,Monthly,1.0,4.0,0
33.0,5.16,165.0,-5.0,2.0,Monthly,5.0,3.0,1
9.0,209.89,-87.0,-2.0,2.0,2-Year,1.0,3.0,0
41.0,50.5,187.0,7.0,0.0,1-Year,1.0,5.0,1
33.0,8.45,519.0,-0.0,1.0,Monthly,1.0,3.0,1
26.0,47.06,278.0,2.0,2.0,1-Year,1.0,4.0,1
7.0,93.9,129.0,-2.0,3.0,Monthly,4.0,5.0,1
26.0,51.24,72.0,7.0,1.0,1-Year,1.0,1.0,0
-11.0,166.32,188.0,1.0,2.0,Monthly,2.0,5.0,0
25.0,84.85,99.0,-0.0,2.0,Monthly,3.0,5.0,1
13.0,161.96,159.0,-0.0,1.0,1-Year,1.0,3.0,0
36.0,4.03,459.0,3.0,1.0,Monthly,1.0,2.0,1
48.0,33.25,178.0,5.0,0.0,1-Year,1.0,4.0,1
-7.0,129.51,252.0,5.0,1.0,Monthly,2.0,5.0,0
40.0,-4.35,-69.0,4.0,1.0,1-Year,4.0,1.0,1
27.0,38.56,81.0,3.0,3.0,1-Year,2.0,5.0,0
39.0,-36.29,136.0,3.0,5.0,2-Year,1.0,2.0,1
-4.0,143.07,349.0,1.0,0.0,Monthly,1.0,1.0,0
21.0,28.61,538.0,5.0,0.0,Monthly,1.0,1.0,0
39.0,28.66,297.0,2.0,3.0,2-Year,1.0,4.0,1
43.0,-1.88,282.0,2.0,0.0,Monthly,2.0,1.0,0
30.0,29.58,492.0,1.0,0.0,Monthly,1.0,2.0,1
39.0,46.63,263.0,0.0,1.0,Monthly,2.0,4.0,1
34.0,18.59,124.0,0.0,3.0,1-Year,3.0,5.0,0
40.0,10.3,-10.0,2.0,4.0,2-Year,1.0,2.0,0
23.0,29.84,242.0,-1.0,2.0,Monthly,5.0,4.0,1
20.0,56.47,100.0,8.0,1.0,Monthly,2.0,5.0,0
16.0,9.05,534.0,4.0,3.0,Monthly,1.0,5.0,0
29.0,44.65,490.0,-1.0,0.0,Monthly,2.0,3.0,1
18.0,75.71,64.0,1.0,3.0,2-Year,1.0,2.0,0
13.0,101.3,484.0,5.0,0.0,Monthly,1.0,1.0,0
7.0,67.01,60.0,1.0,3.0,1-Year,4.0,2.0,0
25.0,95.66,196.0,-3.0,2.0,Monthly,2.0,3.0,0
52.0,-45.63,263.0,-1.0,5.0,2-Year,1.0,4.0,0
18.0,101.92,-69.0,5.0,2.0,2-Year,1.0,3.0,0
29.0,27.72,250.0,-5.0,1.0,Monthly,5.0,2.0,1
12.0,91.63,-135.0,0.0,3.0,2-Year,3.0,2.0,0
-26.0,231.03,-25.0,-2.0,2.0,1-Year,1.0,1.0,0
37.0,-24.11,295.0,2.0,3.0,Monthly,5.0,5.0,0
28.0,-1.98,-114.0,8.0,5.0,2-Year,1.0,3.0,1
30.0,95.8,-168.0,-2.0,3.0,2-Year,3.0,5.0,0
41.0,-22.27,241.0,2.0,3.0,2-Year,1.0,1.0,1
20.0,39.58,310.0,7.0,1.0,Monthly,1.0,5.0,0
14.0,1.25,360.0,2.0,6.0,2-Year,1.0,1.0,1
22.0,27.35,428.0,2.0,2.0,Monthly,1.0,3.0,1
11.0,140.09,360.0,1.0,0.0,Monthly,1.0,1.0,1
24.0,63.92,135.0,1.0,3.0,1-Year,2.0,5.0,0
8.0,44.21,262.0,3.0,4.0,1-Year,2.0,5.0,0
44.0,11.51,331.0,5.0,2.0,2-Year,1.0,2.0,1
19.0,79.59,238.0,1.0,2.0,1-Year,1.0,5.0,1
42.0,36.69,285.0,5.0,2.0,2-Year,1.0,4.0,1
20.0,109.61,52.0,4.0,2.0,2-Year,1.0,5.0,1
36.0,107.89,593.0,-2.0,0.0,1-Year,1.0,4.0,1
19.0,114.21,273.0,-0.0,1.0,Monthly,1.0,2.0,0
19.0,90.57,11.0,-0.0,2.0,1-Year,2.0,1.0,0
57.0,-17.63,302.0,-0.0,-0.0,Monthly,4.0,2.0,1
9.0,86.57,206.0,2.0,2.0,Monthly,2.0,5.0,0
35.0,62.19,304.0,2.0,3.0,2-Year,1.0,5.0,1
37.0,99.91,-134.0,-3.0,3.0,2-Year,2.0,5.0,0
36.0,18.48,57.0,-0.0,3.0,2-Year,2.0,3.0,1
-4.0,114.36,294.0,3.0,2.0,Monthly,1.0,5.0,0
24.0,-8.89,-177.0,2.0,4.0,2-Year,5.0,1.0,1
18.0,32.59,84.0,4.0,4.0,2-Year,1.0,5.0,1
33.0,33.72,407.0,-1.0,1.0,Monthly,3.0,3.0,1
26.0,97.76,357.0,4.0,-0.0,1-Year,1.0,1.0,1
24.0,82.71,-2.0,-2.0,4.0,2-Year,1.0,5.0,0
33.0,33.37,188.0,2.0,2.0,1-Year,1.0,5.0,0
31.0,5.3,110.0,2.0,4.0,2-Year,1.0,2.0,1
54.0,40.9,399.0,6.0,0.0,1-Year,1.0,5.0,1
67.0,-80.99,84.0,9.0,3.0,2-Year,1.0,2.0,1
34.0,22.52,134.0,-1.0,5.0,2-Year,1.0,3.0,0
44.0,10.78,330.0,-0.0,3.0,2-Year,1.0,3.0,1
16.0,-34.32,21.0,6.0,5.0,2-Year,3.0,1.0,1
20.0,9.42,338.0,4.0,2.0,Monthly,5.0,5.0,0
45.0,34.52,160.0,-1.0,1.0,Monthly,4.0,5.0,1
8.0,63.25,419.0,1.0,2.0,Monthly,2.0,3.0,1
39.0,32.07,319.0,8.0,0.0,1-Year,1.0,5.0,1
26.0,125.14,121.0,-3.0,2.0,1-Year,1.0,5.0,0
14.0,59.59,276.0,3.0,2.0,Monthly,2.0,5.0,0
39.0,24.9,293.0,1.0,1.0,Monthly,2.0,2.0,0
-10.0,225.72,-151.0,-0.0,3.0,2-Year,1.0,3.0,0
-20.0,156.17,-265.0,-1.0,5.0,2-Year,5.0,2.0,0
31.0,94.82,273.0,0.0,-0.0,Monthly,1.0,5.0,1
45.0,54.32,-88.0,4.0,1.0,2-Year,1.0,5.0,1
12.0,79.04,121.0,3.0,3.0,1-Year,1.0,5.0,0
9.0,108.26,134.0,6.0,3.0,2-Year,1.0,5.0,1
24.0,63.09,208.0,4.0,1.0,1-Year,1.0,4.0,1
31.0,66.77,122.0,4.0,2.0,2-Year,1.0,5.0,1
31.0,-13.2,470.0,0.0,1.0,Monthly,4.0,1.0,1
13.0,150.74,100.0,1.0,0.0,1-Year,1.0,1.0,0
35.0,-40.3,337.0,2.0,6.0,2-Year,1.0,2.0,1
4.0,170.57,126.0,-3.0,1.0,1-Year,1.0,1.0,0
25.0,19.69,503.0,3.0,1.0,Monthly,1.0,3.0,1
43.0,-38.04,175.0,3.0,4.0,2-Year,1.0,2.0,1
14.0,52.16,423.0,5.0,0.0,Monthly,3.0,5.0,0
37.0,10.49,-36.0,1.0,1.0,1-Year,5.0,1.0,1
6.0,137.75,-195.0,1.0,3.0,2-Year,2.0,2.0,0
41.0,36.71,493.0,3.0,0.0,Monthly,1.0,1.0,0
40.0,66.0,419.0,3.0,0.0,Monthly,1.0,1.0,0
-7.0,178.79,174.0,3.0,1.0,Monthly,1.0,5.0,0
41.0,45.47,164.0,0.0,1.0,1-Year,1.0,2.0,0
37.0,-27.74,46.0,5.0,3.0,2-Year,2.0,1.0,1
3.0,113.72,234.0,1.0,3.0,1-Year,1.0,5.0,0
18.0,39.03,289.0,-1.0,2.0,Monthly,4.0,2.0,0
5.0,-56.06,-280.0,7.0,6.0,2-Year,5.0,1.0,1
22.0,107.14,275.0,0.0,1.0,Monthly,1.0,3.0,0
26.0,95.22,164.0,3.0,-0.0,Monthly,1.0,1.0,1
2.0,122.49,254.0,2.0,0.0,Monthly,1.0,1.0,0
45.0,-27.46,37.0,-0.0,3.0,2-Year,4.0,1.0,1
17.0,64.31,281.0,5.0,-0.0,Monthly,1.0,1.0,0
7.0,130.99,-23.0,0.0,3.0,2-Year,1.0,2.0,0
-8.0,136.19,130.0,-1.0,2.0,Monthly,2.0,1.0,0
6.0,48.11,200.0,1.0,4.0,1-Year,3.0,5.0,1
-19.0,172.37,277.0,2.0,0.0,Monthly,1.0,1.0,0
29.0,78.29,-16.0,2.0,2.0,2-Year,1.0,5.0,0
26.0,83.63,158.0,1.0,1.0,1-Year,1.0,3.0,1
-13.0,192.62,333.0,3.0,0.0,Monthly,1.0,1.0,0
57.0,-13.17,302.0,3.0,0.0,Monthly,3.0,1.0,1
33.0,167.4,34.0,-5.0,1.0,1-Year,1.0,3.0,0
58.0,-44.44,186.0,5.0,1.0,1-Year,1.0,1.0,1
5.0,167.46,-16.0,-3.0,2.0,1-Year,1.0,4.0,0
-10.0,145.06,350.0,4.0,1.0,Monthly,2.0,5.0,0
12.0,71.87,341.0,4.0,1.0,Monthly,1.0,5.0,0
-19.0,165.28,222.0,3.0,1.0,Monthly,1.0,1.0,0
25.0,123.66,75.0,2.0,0.0,1-Year,1.0,3.0,0
39.0,21.02,65.0,4.0,2.0,2-Year,1.0,2.0,1
10.0,94.02,37.0,1.0,4.0,2-Year,1.0,3.0,0
38.0,34.24,-19.0,1.0,3.0,2-Year,1.0,2.0,0
34.0,46.1,350.0,2.0,1.0,Monthly,1.0,4.0,1
24.0,57.58,107.0,5.0,1.0,Monthly,4.0,5.0,0
-17.0,187.98,-11.0,2.0,4.0,2-Year,1.0,1.0,0
8.0,54.04,267.0,1.0,4.0,1-Year,2.0,5.0,1
9.0,90.09,457.0,2.0,0.0,Monthly,1.0,1.0,0
30.0,8.04,-198.0,5.0,3.0,2-Year,4.0,1.0,1
24.0,24.48,377.0,2.0,1.0,Monthly,3.0,3.0,1
42.0,115.64,280.0,6.0,0.0,1-Year,1.0,4.0,1
27.0,93.16,332.0,2.0,0.0,Monthly,1.0,1.0,0
29.0,60.34,214.0,4.0,2.0,1-Year,1.0,5.0,1
31.0,7.11,-30.0,1.0,2.0,1-Year,5.0,1.0,1
45.0,93.98,243.0,-3.0,-0.0,1-Year,1.0,2.0,0
49.0,-84.19,100.0,4.0,4.0,2-Year,2.0,1.0,1
31.0,74.82,201.0,1.0,3.0,2-Year,1.0,5.0,1
74.0,-10.27,511.0,4.0,0.0,Monthly,1.0,2.0,1
21.0,36.94,1.0,4.0,3.0,2-Year,2.0,1.0,1
27.0,31.77,269.0,2.0,1.0,Monthly,3.0,3.0,1
14.0,81.9,21.0,3.0,3.0,2-Year,1.0,2.0,0
18.0,90.88,292.0,3.0,3.0,2-Year,1.0,5.0,1
18.0,78.75,-48.0,3.0,3.0,2-Year,1.0,3.0,0
28.0,6.72,320.0,1.0,4.0,2-Year,1.0,2.0,1
49.0,17.93,129.0,1.0,3.0,2-Year,1.0,5.0,1
28.0,28.83,112.0,6.0,2.0,2-Year,1.0,1.0,1
19.0,6.55,3.0,-1.0,3.0,1-Year,5.0,1.0,1
49.0,49.38,165.0,6.0,0.0,2-Year,1.0,5.0,1
41.0,0.08,218.0,2.0,2.0,Monthly,4.0,5.0,0
38.0,-18.04,164.0,2.0,4.0,2-Year,2.0,3.0,0
33.0,51.69,110.0,-0.0,2.0,1-Year,3.0,5.0,1
79.0,14.61,23.0,-4.0,1.0,2-Year,2.0,5.0,0
23.0,40.12,107.0,5.0,2.0,1-Year,1.0,1.0,1
11.0,83.05,-85.0,3.0,5.0,2-Year,2.0,5.0,1
44.0,54.3,277.0,3.0,-0.0,Monthly,1.0,5.0,1
57.0,81.73,509.0,-2.0,0.0,Monthly,1.0,4.0,0
13.0,164.35,267.0,-1.0,0.0,Monthly,1.0,1.0,0
22.0,47.65,389.0,2.0,0.0,Monthly,1.0,1.0,0
46.0,-49.44,217.0,1.0,4.0,2-Year,4.0,5.0,0
31.0,12.12,222.0,-2.0,4.0,2-Year,2.0,2.0,1
3.0,71.01,411.0,5.0,2.0,Monthly,1.0,3.0,0
38.0,73.43,226.0,5.0,1.0,2-Year,1.0,5.0,1
52.0,-80.44,137.0,5.0,2.0,1-Year,5.0,5.0,0
14.0,71.21,96.0,-0.0,5.0,2-Year,1.0,2.0,0
22.0,55.5,358.0,3.0,2.0,1-Year,1.0,1.0,1
30.0,17.57,152.0,1.0,4.0,2-Year,1.0,3.0,1
28.0,105.26,60.0,3.0,-0.0,1-Year,1.0,1.0,0
33.0,52.46,338.0,-1.0,1.0,Monthly,1.0,5.0,1
29.0,98.84,165.0,1.0,0.0,1-Year,1.0,2.0,0
62.0,-51.22,-19.0,-1.0,5.0,2-Year,1.0,1.0,0
28.0,54.55,384.0,-1.0,1.0,Monthly,2.0,5.0,1
35.0,133.89,-48.0,-1.0,0.0,2-Year,1.0,2.0,0
43.0,-10.1,356.0,5.0,2.0,2-Year,1.0,1.0,1
37.0,20.89,462.0,2.0,0.0,Monthly,1.0,2.0,0
9.0,152.41,199.0,-2.0,1.0,1-Year,1.0,2.0,0
-15.0,178.28,110.0,6.0,1.0,Monthly,1.0,5.0,0
26.0,30.3,93.0,2.0,3.0,2-Year,2.0,4.0,1
42.0,-39.29,-43.0,1.0,2.0,1-Year,5.0,1.0,1
22.0,127.69,201.0,-1.0,0.0,Monthly,1.0,1.0,0
31.0,47.0,169.0,5.0,0.0,Monthly,1.0,1.0,1
24.0,101.26,-79.0,-1.0,2.0,2-Year,2.0,2.0,0
15.0,59.34,174.0,3.0,3.0,1-Year,1.0,5.0,0
65.0,-7.73,406.0,4.0,0.0,Monthly,1.0,2.0,1
45.0,-8.82,42.0,-1.0,1.0,Monthly,5.0,1.0,1
43.0,-55.36,351.0,-2.0,5.0,2-Year,3.0,5.0,0
1.0,113.78,406.0,7.0,0.0,Monthly,1.0,5.0,0
31.0,153.48,-182.0,-4.0,3.0,2-Year,1.0,5.0,0
8.0,100.12,286.0,7.0,3.0,2-Year,1.0,5.0,1
47.0,-3.52,-91.0,4.0,3.0,2-Year,2.0,4.0,0
26.0,47.42,26.0,8.0,3.0,2-Year,1.0,4.0,1
18.0,115.93,64.0,-0.0,1.0,1-Year,1.0,1.0,0
7.0,77.1,159.0,-0.0,3.0,1-Year,3.0,5.0,1
44.0,42.01,178.0,4.0,1.0,1-Year,1.0,5.0,1
4.0,98.73,244.0,3.0,3.0,1-Year,1.0,3.0,0
-13.0,185.45,111.0,3.0,1.0,Monthly,1.0,5.0,0
27.0,-42.48,-118.0,5.0,5.0,2-Year,4.0,1.0,1
41.0,-43.84,-263.0,5.0,5.0,2-Year,4.0,3.0,1
54.0,18.75,18.0,2.0,2.0,2-Year,1.0,4.0,1
-1.0,134.48,329.0,-3.0,2.0,Monthly,1.0,1.0,0
28.0,-33.22,129.0,4.0,6.0,2-Year,1.0,2.0,1
2.0,109.47,227.0,-0.0,4.0,2-Year,1.0,5.0,0
25.0,100.68,489.0,-1.0,0.0,Monthly,1.0,1.0,0
46.0,5.99,238.0,-0.0,3.0,2-Year,1.0,3.0,1
23.0,64.51,14.0,3.0,3.0,2-Year,1.0,3.0,0
-22.0,153.84,332.0,5.0,1.0,Monthly,1.0,5.0,0
49.0,-8.91,154.0,-1.0,4.0,2-Year,1.0,3.0,0
31.0,47.69,267.0,2.0,0.0,Monthly,1.0,1.0,1
44.0,97.86,96.0,1.0,0.0,1-Year,1.0,5.0,1
27.0,61.86,198.0,1.0,2.0,Monthly,2.0,5.0,1
12.0,13.81,73.0,2.0,4.0,1-Year,5.0,2.0,1
25.0,37.6,154.0,6.0,2.0,2-Year,1.0,2.0,1
47.0,62.2,191.0,-4.0,0.0,Monthly,4.0,1.0,1
13.0,71.05,181.0,3.0,4.0,2-Year,1.0,5.0,1
14.0,73.69,82.0,10.0,-0.0,Monthly,2.0,5.0,0
24.0,171.27,92.0,-1.0,1.0,1-Year,1.0,5.0,0
37.0,35.37,276.0,3.0,1.0,1-Year,1.0,4.0,1
17.0,95.96,267.0,2.0,4.0,2-Year,1.0,5.0,1
27.0,20.57,203.0,3.0,3.0,2-Year,1.0,3.0,0
31.0,43.38,371.0,3.0,1.0,Monthly,1.0,3.0,1
12.0,42.92,223.0,5.0,1.0,Monthly,2.0,1.0,0
17.0,89.65,-37.0,6.0,2.0,2-Year,1.0,3.0,0
35.0,13.42,420.0,-0.0,2.0,1-Year,1.0,1.0,1
3.0,118.38,12.0,7.0,1.0,1-Year,1.0,5.0,0
23.0,63.32,244.0,-3.0,2.0,Monthly,4.0,4.0,1
30.0,83.96,425.0,1.0,0.0,Monthly,1.0,1.0,0
47.0,20.23,327.0,7.0,1.0,2-Year,1.0,4.0,1
49.0,-12.94,454.0,1.0,-0.0,Monthly,2.0,1.0,1
32.0,39.82,104.0,-2.0,3.0,1-Year,3.0,2.0,1
23.0,58.98,205.0,0.0,4.0,2-Year,1.0,3.0,0
38.0,90.92,67.0,6.0,1.0,2-Year,1.0,5.0,1
18.0,71.34,94.0,1.0,3.0,1-Year,1.0,5.0,0
29.0,104.76,213.0,-2.0,1.0,Monthly,1.0,5.0,0
25.0,87.01,165.0,7.0,0.0,1-Year,1.0,2.0,1
35.0,44.14,-5.0,3.0,3.0,2-Year,1.0,4.0,0
-2.0,163.03,105.0,5.0,2.0,2-Year,1.0,3.0,0
29.0,54.93,64.0,3.0,2.0,1-Year,1.0,5.0,1
19.0,58.57,295.0,1.0,3.0,1-Year,1.0,5.0,1
54.0,22.3,406.0,7.0,0.0,Monthly,1.0,3.0,1
50.0,68.84,100.0,-1.0,1.0,1-Year,1.0,5.0,0
12.0,30.74,365.0,-4.0,2.0,Monthly,5.0,1.0,1
-0.0,65.98,410.0,-2.0,3.0,Monthly,4.0,4.0,1
47.0,-31.18,141.0,-2.0,4.0,2-Year,3.0,3.0,0
-0.0,154.11,2.0,-0.0,3.0,1-Year,1.0,4.0,1
54.0,44.19,190.0,2.0,1.0,2-Year,1.0,5.0,1
-27.0,220.7,129.0,5.0,1.0,1-Year,1.0,2.0,0
30.0,67.65,251.0,-1.0,0.0,Monthly,3.0,4.0,1
32.0,45.32,418.0,8.0,1.0,1-Year,1.0,5.0,1
-0.0,143.47,-2.0,4.0,1.0,1-Year,2.0,5.0,0
30.0,22.19,131.0,-1.0,5.0,2-Year,1.0,2.0,0
-19.0,143.75,355.0,3.0,3.0,Monthly,1.0,5.0,0
25.0,31.78,-82.0,5.0,4.0,2-Year,1.0,3.0,1
-19.0,219.3,-114.0,4.0,1.0,1-Year,1.0,4.0,0
-2.0,109.59,107.0,-2.0,3.0,1-Year,3.0,1.0,0
45.0,-0.21,336.0,3.0,1.0,1-Year,1.0,1.0,1
7.0,69.7,191.0,2.0,2.0,Monthly,3.0,2.0,0
54.0,-25.45,35.0,7.0,1.0,2-Year,1.0,1.0,1
19.0,42.11,179.0,-3.0,4.0,1-Year,3.0,1.0,1
-17.0,149.65,198.0,2.0,1.0,Monthly,1.0,1.0,0
44.0,23.21,161.0,3.0,1.0,1-Year,1.0,4.0,1
26.0,-16.97,279.0,4.0,4.0,2-Year,1.0,1.0,1
-2.0,171.88,165.0,-0.0,2.0,Monthly,2.0,5.0,0
19.0,88.06,152.0,-4.0,2.0,Monthly,4.0,1.0,1
2.0,100.64,78.0,2.0,3.0,2-Year,1.0,1.0,0
-9.0,139.83,143.0,-0.0,2.0,Monthly,2.0,1.0,0
36.0,38.62,-89.0,5.0,2.0,2-Year,1.0,4.0,1
19.0,167.72,187.0,-2.0,-0.0,1-Year,1.0,1.0,0
-17.0,176.59,73.0,4.0,2.0,Monthly,1.0,5.0,0
8.0,52.19,302.0,1.0,2.0,Monthly,4.0,4.0,1
41.0,19.42,-14.0,-1.0,2.0,1-Year,5.0,4.0,1
-17.0,128.55,56.0,-0.0,3.0,Monthly,4.0,1.0,0
-15.0,134.46,453.0,5.0,1.0,Monthly,1.0,5.0,0
56.0,26.84,331.0,0.0,0.0,Monthly,1.0,3.0,1
47.0,-46.83,717.0,-1.0,-0.0,Monthly,3.0,1.0,1
45.0,75.18,63.0,3.0,1.0,2-Year,1.0,5.0,1
6.0,71.12,309.0,0.0,3.0,1-Year,2.0,5.0,1
54.0,-64.07,232.0,-3.0,6.0,2-Year,1.0,1.0,0
24.0,22.28,180.0,-4.0,5.0,2-Year,3.0,2.0,1
4.0,95.91,84.0,-0.0,3.0,Monthly,4.0,3.0,0
-11.0,88.07,-32.0,2.0,3.0,1-Year,5.0,1.0,0
10.0,55.22,371.0,5.0,-0.0,Monthly,1.0,1.0,0
6.0,92.3,80.0,5.0,4.0,2-Year,1.0,5.0,1
22.0,40.26,216.0,3.0,3.0,1-Year,3.0,5.0,0
9.0,67.96,311.0,-1.0,4.0,1-Year,1.0,5.0,0
34.0,0.73,185.0,6.0,2.0,Monthly,3.0,5.0,0
-4.0,172.86,-54.0,6.0,2.0,2-Year,1.0,2.0,0
57.0,-5.66,246.0,5.0,-0.0,1-Year,1.0,4.0,1
14.0,59.18,171.0,1.0,4.0,1-Year,2.0,5.0,1
26.0,73.53,24.0,-4.0,4.0,1-Year,4.0,5.0,0
19.0,91.94,56.0,3.0,2.0,1-Year,1.0,5.0,1
50.0,15.58,367.0,-1.0,0.0,Monthly,2.0,4.0,1
25.0,44.11,280.0,2.0,1.0,Monthly,2.0,3.0,1
22.0,35.93,107.0,1.0,2.0,Monthly,4.0,1.0,0
29.0,55.2,188.0,1.0,2.0,1-Year,2.0,5.0,1
51.0,78.76,301.0,-0.0,0.0,Monthly,1.0,3.0,1
2.0,125.75,119.0,4.0,2.0,1-Year,1.0,5.0,0
28.0,103.47,-177.0,-2.0,3.0,2-Year,3.0,5.0,0
24.0,70.67,-13.0,2.0,3.0,2-Year,1.0,3.0,0
17.0,82.32,-0.0,2.0,3.0,2-Year,1.0,2.0,0
18.0,73.71,203.0,4.0,0.0,Monthly,1.0,1.0,0
40.0,35.5,188.0,2.0,2.0,1-Year,1.0,5.0,1
17.0,114.64,-79.0,2.0,3.0,2-Year,1.0,1.0,0
21.0,77.4,-22.0,1.0,3.0,2-Year,1.0,4.0,0
17.0,90.86,83.0,4.0,3.0,2-Year,1.0,5.0,1
35.0,-19.88,-183.0,4.0,3.0,2-Year,5.0,1.0,1
33.0,86.21,95.0,6.0,3.0,2-Year,1.0,5.0,1
7.0,123.44,392.0,5.0,0.0,Monthly,1.0,1.0,0
27.0,-37.55,21.0,6.0,6.0,2-Year,1.0,3.0,1
8.0,114.6,571.0,-1.0,0.0,Monthly,1.0,1.0,0
3.0,103.77,177.0,3.0,3.0,1-Year,1.0,5.0,0
34.0,13.85,125.0,2.0,4.0,2-Year,1.0,5.0,0
47.0,46.62,182.0,4.0,1.0,2-Year,1.0,5.0,1
-0.0,119.64,155.0,3.0,3.0,2-Year,1.0,5.0,1
53.0,38.21,434.0,1.0,0.0,Monthly,1.0,3.0,1
31.0,35.62,-76.0,2.0,4.0,2-Year,1.0,3.0,0
-6.0,151.12,77.0,5.0,1.0,1-Year,1.0,1.0,0
13.0,71.04,259.0,3.0,2.0,1-Year,1.0,5.0,0
-11.0,164.49,181.0,2.0,1.0,Monthly,1.0,1.0,0
6.0,132.62,272.0,-1.0,1.0,Monthly,1.0,3.0,0
40.0,-21.95,76.0,2.0,4.0,2-Year,3.0,4.0,0
-4.0,152.79,65.0,2.0,3.0,2-Year,1.0,1.0,0
38.0,3.83,88.0,1.0,4.0,2-Year,3.0,5.0,0
32.0,-20.55,382.0,2.0,3.0,1-Year,2.0,4.0,0
40.0,-11.55,503.0,-0.0,0.0,Monthly,3.0,1.0,1
36.0,-7.14,429.0,-3.0,5.0,1-Year,2.0,5.0,0
3.0,58.19,281.0,0.0,3.0,Monthly,4.0,3.0,1
14.0,91.36,-22.0,4.0,2.0,2-Year,1.0,4.0,0
-6.0,86.45,88.0,0.0,5.0,1-Year,3.0,5.0,1
33.0,116.07,476.0,1.0,0.0,Monthly,1.0,1.0,0
7.0,50.37,311.0,-3.0,3.0,Monthly,4.0,2.0,1
31.0,60.8,-128.0,-2.0,5.0,2-Year,1.0,2.0,0
42.0,17.1,299.0,1.0,1.0,Monthly,2.0,4.0,1
45.0,-10.76,141.0,-3.0,5.0,2-Year,2.0,5.0,0
12.0,105.25,216.0,1.0,1.0,Monthly,1.0,1.0,1
4.0,42.53,-48.0,4.0,6.0,2-Year,1.0,3.0,1
51.0,-107.41,-45.0,2.0,5.0,2-Year,5.0,1.0,1
24.0,112.57,161.0,-1.0,1.0,1-Year,1.0,1.0,0
20.0,43.82,207.0,6.0,1.0,Monthly,3.0,5.0,0
16.0,84.29,287.0,5.0,1.0,Monthly,1.0,5.0,0
2.0,161.64,-92.0,1.0,3.0,2-Year,1.0,4.0,0
57.0,55.87,63.0,9.0,0.0,2-Year,1.0,5.0,1
28.0,37.04,248.0,2.0,2.0,Monthly,2.0,5.0,0
55.0,38.42,121.0,4.0,0.0,2-Year,1.0,4.0,1
25.0,72.05,262.0,3.0,1.0,1-Year,1.0,5.0,1
48.0,31.9,328.0,1.0,0.0,Monthly,2.0,3.0,1
43.0,33.19,241.0,-1.0,0.0,Monthly,4.0,1.0,1
38.0,78.88,499.0,2.0,0.0,Monthly,1.0,1.0,0
-7.0,190.42,-86.0,-3.0,3.0,1-Year,1.0,2.0,0
-3.0,166.48,-49.0,-3.0,3.0,1-Year,2.0,1.0,0
-1.0,127.97,37.0,0.0,2.0,1-Year,2.0,1.0,0
36.0,65.62,138.0,1.0,1.0,1-Year,1.0,5.0,1
59.0,-47.74,452.0,1.0,-0.0,Monthly,3.0,1.0,1
39.0,101.82,-98.0,5.0,2.0,2-Year,1.0,5.0,1
16.0,80.07,193.0,1.0,3.0,1-Year,2.0,5.0,0
32.0,50.4,402.0,4.0,2.0,2-Year,1.0,3.0,1
1.0,152.56,-106.0,-2.0,2.0,1-Year,2.0,1.0,0
53.0,-40.58,171.0,-2.0,5.0,2-Year,1.0,2.0,0
34.0,7.26,-14.0,5.0,2.0,2-Year,2.0,1.0,1
45.0,32.66,299.0,3.0,-0.0,Monthly,1.0,3.0,1
47.0,47.24,145.0,4.0,1.0,1-Year,1.0,5.0,1
41.0,58.24,313.0,0.0,2.0,2-Year,1.0,4.0,1
44.0,54.89,182.0,8.0,1.0,2-Year,1.0,5.0,1
-28.0,232.81,159.0,-1.0,2.0,Monthly,1.0,5.0,0
34.0,42.34,447.0,4.0,-0.0,Monthly,1.0,3.0,1
46.0,-2.38,0.0,3.0,3.0,2-Year,1.0,3.0,1
17.0,190.8,-34.0,-2.0,1.0,2-Year,1.0,4.0,0
27.0,135.84,139.0,0.0,0.0,1-Year,1.0,1.0,0
23.0,43.76,193.0,3.0,4.0,2-Year,1.0,5.0,1
34.0,27.22,-57.0,2.0,4.0,2-Year,1.0,4.0,0
23.0,51.43,236.0,5.0,2.0,1-Year,1.0,5.0,1
7.0,54.55,71.0,2.0,2.0,Monthly,4.0,1.0,0
10.0,106.49,105.0,3.0,2.0,1-Year,1.0,2.0,0
30.0,77.07,26.0,1.0,2.0,1-Year,1.0,4.0,1
11.0,172.19,283.0,3.0,0.0,1-Year,1.0,1.0,0
12.0,81.27,174.0,1.0,4.0,2-Year,1.0,5.0,0
38.0,14.25,147.0,1.0,3.0,2-Year,1.0,4.0,0
12.0,144.19,172.0,-4.0,2.0,1-Year,1.0,4.0,0
33.0,72.64,-315.0,2.0,3.0,2-Year,3.0,3.0,0
26.0,18.45,574.0,2.0,-0.0,Monthly,2.0,1.0,1
61.0,-4.84,398.0,3.0,0.0,Monthly,1.0,2.0,1
51.0,10.69,170.0,3.0,1.0,1-Year,1.0,5.0,1
13.0,159.26,158.0,-1.0,1.0,1-Year,1.0,4.0,0
47.0,-54.65,121.0,8.0,4.0,2-Year,1.0,2.0,1
85.0,-29.69,211.0,5.0,0.0,1-Year,1.0,2.0,1
51.0,32.75,83.0,5.0,1.0,2-Year,1.0,5.0,1
41.0,63.95,172.0,2.0,1.0,1-Year,1.0,5.0,1
7.0,122.18,-119.0,4.0,5.0,2-Year,1.0,5.0,1
24.0,18.4,377.0,-4.0,2.0,Monthly,5.0,2.0,1
38.0,162.71,193.0,-0.0,0.0,1-Year,1.0,1.0,0
35.0,9.79,210.0,2.0,3.0,2-Year,1.0,1.0,1
24.0,3.15,272.0,3.0,2.0,Monthly,4.0,5.0,0
18.0,103.13,52.0,5.0,2.0,2-Year,1.0,5.0,1
27.0,11.02,193.0,7.0,2.0,1-Year,1.0,3.0,0
21.0,107.17,528.0,-1.0,-0.0,Monthly,1.0,1.0,0
32.0,33.44,382.0,7.0,3.0,2-Year,1.0,5.0,1
5.0,120.08,268.0,2.0,-0.0,Monthly,1.0,1.0,0
-8.0,152.53,152.0,6.0,2.0,1-Year,1.0,3.0,0
-7.0,99.53,273.0,2.0,2.0,Monthly,2.0,1.0,1
8.0,118.26,27.0,3.0,1.0,1-Year,1.0,1.0,0
7.0,44.59,226.0,-1.0,4.0,1-Year,4.0,5.0,1
68.0,34.52,256.0,2.0,0.0,Monthly,1.0,4.0,1
10.0,76.46,227.0,4.0,3.0,1-Year,1.0,4.0,0
-13.0,110.09,-60.0,3.0,3.0,1-Year,4.0,1.0,0
13.0,30.17,421.0,1.0,3.0,Monthly,4.0,5.0,0
59.0,45.42,224.0,2.0,0.0,Monthly,1.0,1.0,1
71.0,51.06,279.0,8.0,0.0,2-Year,1.0,5.0,1
6.0,97.96,173.0,1.0,3.0,1-Year,1.0,4.0,0
38.0,-11.61,341.0,-2.0,1.0,Monthly,5.0,2.0,1
67.0,-13.17,452.0,2.0,0.0,Monthly,1.0,2.0,1
22.0,43.62,42.0,5.0,2.0,1-Year,2.0,1.0,1
36.0,28.97,164.0,2.0,3.0,2-Year,1.0,3.0,0
30.0,93.2,395.0,-2.0,1.0,Monthly,1.0,3.0,1
25.0,152.11,295.0,-2.0,-0.0,Monthly,1.0,5.0,1
28.0,32.48,64.0,-1.0,5.0,2-Year,1.0,2.0,0
15.0,118.68,-91.0,2.0,1.0,2-Year,1.0,1.0,0
38.0,-5.52,562.0,2.0,0.0,Monthly,2.0,2.0,1
20.0,50.9,244.0,-0.0,4.0,1-Year,1.0,4.0,0
25.0,123.42,55.0,-2.0,2.0,1-Year,1.0,4.0,0
-2.0,139.2,-18.0,-1.0,3.0,1-Year,2.0,1.0,0
62.0,-18.81,270.0,7.0,4.0,2-Year,1.0,5.0,1
22.0,50.0,105.0,2.0,2.0,1-Year,1.0,1.0,1
29.0,3.15,309.0,1.0,4.0,1-Year,2.0,5.0,0
-13.0,181.96,-18.0,-0.0,4.0,2-Year,1.0,2.0,0
33.0,-2.8,442.0,2.0,2.0,Monthly,2.0,2.0,1
23.0,74.79,119.0,1.0,2.0,1-Year,1.0,3.0,1
-0.0,103.99,89.0,1.0,4.0,1-Year,2.0,5.0,1
33.0,86.4,277.0,-0.0,1.0,Monthly,1.0,4.0,0
33.0,-20.58,-169.0,4.0,3.0,2-Year,5.0,1.0,1
-12.0,176.57,109.0,3.0,1.0,Monthly,2.0,5.0,0
31.0,-32.3,-58.0,10.0,4.0,2-Year,1.0,1.0,1
33.0,47.99,233.0,4.0,2.0,2-Year,1.0,2.0,1
25.0,1.15,2.0,-0.0,6.0,2-Year,3.0,3.0,1
-5.0,90.35,244.0,2.0,1.0,Monthly,2.0,1.0,0
39.0,48.63,308.0,4.0,1.0,2-Year,1.0,3.0,1
43.0,39.97,135.0,2.0,1.0,1-Year,1.0,2.0,1
16.0,100.64,126.0,-2.0,2.0,1-Year,3.0,4.0,0
11.0,75.55,98.0,1.0,3.0,1-Year,2.0,2.0,1
31.0,27.21,329.0,3.0,1.0,Monthly,1.0,3.0,1
57.0,77.19,8.0,10.0,-0.0,2-Year,1.0,5.0,1
42.0,23.24,-164.0,-1.0,5.0,2-Year,1.0,1.0,0
24.0,37.61,47.0,2.0,3.0,2-Year,2.0,4.0,0
52.0,52.19,307.0,2.0,0.0,Monthly,1.0,4.0,1
62.0,-19.91,403.0,1.0,0.0,Monthly,3.0,2.0,1
29.0,34.48,41.0,2.0,2.0,1-Year,3.0,1.0,1
23.0,38.55,287.0,-1.0,4.0,2-Year,1.0,2.0,0
26.0,149.8,-60.0,-9.0,4.0,2-Year,3.0,5.0,0
36.0,54.53,-34.0,2.0,2.0,2-Year,2.0,5.0,1
37.0,16.48,-5.0,1.0,1.0,Monthly,5.0,1.0,1
23.0,49.07,161.0,3.0,2.0,1-Year,1.0,4.0,0
32.0,52.22,201.0,-4.0,1.0,Monthly,5.0,3.0,1
62.0,-8.13,-34.0,6.0,1.0,2-Year,1.0,3.0,1
5.0,116.29,156.0,1.0,3.0,1-Year,1.0,4.0,0
23.0,38.31,113.0,5.0,4.0,2-Year,1.0,4.0,1
50.0,23.97,392.0,-2.0,-0.0,Monthly,3.0,3.0,1
46.0,79.75,279.0,-6.0,2.0,1-Year,1.0,5.0,0
19.0,31.21,27.0,1.0,4.0,2-Year,3.0,1.0,1
3.0,100.77,355.0,3.0,2.0,Monthly,1.0,5.0,0
27.0,70.43,146.0,3.0,0.0,1-Year,1.0,1.0,0
-1.0,148.27,113.0,2.0,3.0,2-Year,1.0,3.0,0
36.0,82.3,88.0,6.0,1.0,2-Year,1.0,5.0,1
23.0,63.25,447.0,-1.0,4.0,2-Year,1.0,4.0,1
43.0,20.86,113.0,6.0,3.0,2-Year,1.0,5.0,1
-18.0,152.68,361.0,2.0,3.0,1-Year,1.0,4.0,0
40.0,1.62,455.0,1.0,0.0,Monthly,2.0,2.0,1
-5.0,181.48,-186.0,4.0,2.0,2-Year,1.0,1.0,0
32.0,82.66,62.0,1.0,1.0,1-Year,1.0,2.0,0
66.0,8.41,398.0,7.0,0.0,1-Year,1.0,3.0,1
-23.0,150.83,-75.0,0.0,4.0,1-Year,4.0,1.0,0
50.0,-6.59,187.0,3.0,5.0,2-Year,1.0,5.0,1
6.0,83.59,209.0,0.0,3.0,1-Year,2.0,5.0,1
-26.0,196.79,508.0,-2.0,2.0,Monthly,3.0,5.0,0
-1.0,153.77,-40.0,-5.0,3.0,1-Year,3.0,3.0,0
52.0,19.69,154.0,-3.0,0.0,Monthly,5.0,1.0,1
-15.0,187.66,87.0,6.0,0.0,Monthly,1.0,5.0,0
22.0,38.78,396.0,3.0,1.0,Monthly,1.0,3.0,1
38.0,-80.96,82.0,5.0,4.0,2-Year,3.0,1.0,1
37.0,132.06,-108.0,-3.0,2.0,2-Year,1.0,5.0,0
6.0,152.44,219.0,-2.0,1.0,Monthly,1.0,1.0,0
37.0,39.44,93.0,2.0,0.0,1-Year,2.0,1.0,0
34.0,52.04,59.0,2.0,-0.0,Monthly,3.0,1.0,1
56.0,-33.13,74.0,8.0,2.0,2-Year,1.0,2.0,1
22.0,67.92,22.0,0.0,2.0,1-Year,3.0,3.0,0
49.0,66.8,225.0,6.0,0.0,2-Year,1.0,5.0,1
35.0,126.21,328.0,-5.0,1.0,Monthly,1.0,5.0,0
79.0,28.74,36.0,8.0,0.0,2-Year,1.0,5.0,1
17.0,103.32,184.0,0.0,1.0,1-Year,1.0,4.0,0
32.0,25.13,67.0,0.0,4.0,2-Year,1.0,4.0,1
13.0,125.82,-23.0,2.0,1.0,1-Year,1.0,1.0,0
9.0,138.97,-23.0,-2.0,3.0,1-Year,2.0,4.0,0
40.0,10.32,-80.0,5.0,1.0,1-Year,3.0,1.0,1
5.0,177.51,-46.0,-0.0,1.0,1-Year,1.0,1.0,0
-27.0,226.82,185.0,2.0,2.0,Monthly,1.0,5.0,0
3.0,77.73,171.0,0.0,3.0,Monthly,3.0,5.0,1
25.0,60.17,80.0,-0.0,3.0,1-Year,3.0,5.0,0
47.0,-61.55,219.0,2.0,4.0,2-Year,4.0,5.0,0
45.0,58.03,443.0,5.0,1.0,2-Year,1.0,4.0,1
26.0,65.57,-63.0,1.0,3.0,2-Year,1.0,3.0,0
-11.0,192.55,166.0,4.0,1.0,Monthly,1.0,5.0,0
38.0,57.13,531.0,-4.0,1.0,Monthly,1.0,2.0,1
47.0,66.98,317.0,2.0,0.0,Monthly,1.0,2.0,1
39.0,-25.36,2.0,1.0,6.0,2-Year,1.0,4.0,1
38.0,38.75,35.0,1.0,2.0,1-Year,2.0,3.0,1
34.0,49.82,79.0,2.0,3.0,2-Year,1.0,5.0,1
-18.0,164.29,201.0,4.0,2.0,Monthly,1.0,5.0,0
33.0,-8.25,419.0,0.0,3.0,Monthly,3.0,5.0,0
41.0,-20.79,212.0,5.0,1.0,1-Year,1.0,1.0,1
7.0,124.79,95.0,-2.0,3.0,1-Year,2.0,4.0,0
-15.0,174.8,44.0,3.0,2.0,1-Year,1.0,3.0,0
25.0,28.35,198.0,-4.0,3.0,Monthly,5.0,3.0,1
28.0,35.73,-71.0,1.0,2.0,1-Year,4.0,1.0,1
33.0,2.82,57.0,1.0,4.0,2-Year,3.0,1.0,1
-5.0,135.09,158.0,-4.0,3.0,Monthly,3.0,5.0,0
-11.0,247.74,185.0,-3.0,1.0,1-Year,1.0,1.0,0
46.0,14.02,397.0,6.0,-0.0,1-Year,1.0,2.0,1
39.0,35.09,226.0,3.0,1.0,1-Year,1.0,3.0,1
43.0,2.59,251.0,2.0,2.0,2-Year,1.0,2.0,1
45.0,42.67,316.0,5.0,-0.0,1-Year,1.0,4.0,1
27.0,19.55,146.0,2.0,4.0,2-Year,2.0,4.0,0
15.0,76.45,448.0,1.0,0.0,Monthly,1.0,1.0,0
52.0,10.27,426.0,-1.0,1.0,1-Year,1.0,1.0,1
52.0,-48.72,83.0,5.0,4.0,2-Year,1.0,4.0,1
40.0,-8.37,76.0,1.0,4.0,2-Year,2.0,2.0,1
44.0,62.86,92.0,6.0,1.0,2-Year,1.0,5.0,1
13.0,116.69,-54.0,-1.0,2.0,1-Year,2.0,1.0,1
-12.0,139.15,-72.0,-2.0,3.0,1-Year,4.0,1.0,0
30.0,55.0,116.0,4.0,2.0,2-Year,1.0,5.0,1
57.0,74.89,353.0,-1.0,0.0,Monthly,1.0,3.0,0
58.0,37.27,484.0,-0.0,0.0,Monthly,1.0,3.0,0
15.0,183.0,-317.0,-3.0,4.0,2-Year,1.0,5.0,0
6.0,94.57,74.0,4.0,2.0,1-Year,1.0,4.0,0
42.0,-23.53,-76.0,3.0,1.0,1-Year,5.0,1.0,1
21.0,69.27,30.0,4.0,2.0,1-Year,3.0,5.0,0
13.0,75.08,259.0,4.0,2.0,1-Year,1.0,5.0,1
26.0,80.57,162.0,1.0,2.0,1-Year,1.0,3.0,1
53.0,43.08,358.0,6.0,0.0,1-Year,1.0,5.0,1
30.0,108.23,97.0,-1.0,1.0,1-Year,1.0,2.0,0
-16.0,160.9,286.0,6.0,1.0,Monthly,1.0,5.0,0
-12.0,177.33,63.0,-1.0,4.0,2-Year,1.0,5.0,0
25.0,54.21,322.0,4.0,3.0,2-Year,1.0,4.0,1
-4.0,161.61,59.0,6.0,0.0,Monthly,1.0,5.0,0
15.0,100.5,42.0,2.0,3.0,2-Year,1.0,5.0,0
26.0,53.61,469.0,3.0,-0.0,Monthly,1.0,3.0,1
30.0,115.09,400.0,-1.0,-0.0,Monthly,1.0,2.0,0
79.0,-31.01,625.0,6.0,0.0,Monthly,1.0,1.0,1
28.0,128.32,-58.0,-3.0,2.0,1-Year,1.0,4.0,0
19.0,107.43,34.0,-1.0,2.0,1-Year,2.0,3.0,0
25.0,33.87,93.0,1.0,4.0,2-Year,1.0,2.0,1
58.0,-26.72,503.0,0.0,0.0,Monthly,3.0,1.0,1
5.0,21.22,297.0,-0.0,4.0,Monthly,5.0,3.0,1
2.0,137.19,12.0,1.0,3.0,1-Year,1.0,5.0,0
10.0,57.29,435.0,3.0,0.0,Monthly,1.0,1.0,0
15.0,55.99,187.0,2.0,3.0,1-Year,3.0,4.0,1
53.0,68.71,107.0,8.0,0.0,2-Year,1.0,5.0,1
27.0,67.32,-5.0,-1.0,4.0,2-Year,1.0,3.0,0
2.0,105.31,200.0,-3.0,5.0,2-Year,1.0,3.0,0
27.0,55.84,566.0,4.0,0.0,Monthly,1.0,1.0,0
24.0,19.99,166.0,1.0,3.0,1-Year,2.0,1.0,1
24.0,36.23,314.0,-3.0,3.0,1-Year,1.0,1.0,1
-18.0,156.42,198.0,3.0,3.0,1-Year,1.0,4.0,0
29.0,84.75,220.0,4.0,0.0,1-Year,1.0,5.0,1
46.0,29.57,155.0,5.0,1.0,1-Year,1.0,5.0,1
-4.0,69.2,427.0,0.0,3.0,Monthly,2.0,4.0,1
34.0,-20.83,307.0,-3.0,2.0,Monthly,5.0,1.0,1
7.0,26.97,602.0,0.0,1.0,Monthly,4.0,1.0,1
32.0,41.98,18.0,3.0,3.0,2-Year,1.0,1.0,0
15.0,30.78,154.0,2.0,4.0,1-Year,4.0,5.0,1
31.0,97.55,146.0,6.0,1.0,2-Year,1.0,5.0,1
38.0,76.82,380.0,-1.0,-0.0,Monthly,1.0,2.0,0
17.0,-35.7,11.0,7.0,6.0,2-Year,1.0,1.0,1
49.0,42.77,395.0,6.0,0.0,1-Year,1.0,5.0,1
-16.0,86.91,441.0,-3.0,5.0,Monthly,3.0,4.0,1
50.0,-13.13,10.0,5.0,2.0,2-Year,1.0,2.0,1
0.0,172.02,6.0,0.0,2.0,1-Year,1.0,5.0,0
29.0,88.25,142.0,5.0,1.0,1-Year,1.0,5.0,1
12.0,110.02,163.0,-4.0,3.0,1-Year,2.0,4.0,1
30.0,-1.38,-9.0,4.0,2.0,1-Year,4.0,1.0,1
32.0,49.27,321.0,3.0,3.0,2-Year,1.0,4.0,1
39.0,24.24,412.0,5.0,3.0,2-Year,1.0,4.0,1
-2.0,30.06,179.0,3.0,5.0,2-Year,1.0,1.0,1
47.0,56.54,27.0,3.0,0.0,1-Year,1.0,3.0,1
14.0,39.26,267.0,4.0,1.0,Monthly,1.0,1.0,1
3.0,166.87,-117.0,-4.0,3.0,2-Year,2.0,5.0,0
8.0,85.5,267.0,7.0,0.0,Monthly,2.0,5.0,0
29.0,81.88,26.0,0.0,2.0,1-Year,2.0,3.0,0
27.0,7.11,388.0,0.0,5.0,2-Year,1.0,4.0,1
29.0,-13.8,77.0,-0.0,4.0,1-Year,4.0,1.0,1
46.0,20.86,158.0,-2.0,2.0,1-Year,3.0,4.0,0
23.0,79.53,-338.0,-6.0,6.0,2-Year,5.0,5.0,0
32.0,50.38,272.0,0.0,0.0,Monthly,2.0,1.0,0
32.0,158.57,55.0,-2.0,-0.0,1-Year,1.0,3.0,0
50.0,13.56,82.0,5.0,1.0,2-Year,1.0,2.0,1
-4.0,157.44,295.0,4.0,0.0,Monthly,1.0,1.0,0
48.0,-30.7,106.0,-0.0,4.0,2-Year,2.0,2.0,0
5.0,168.91,157.0,-1.0,1.0,1-Year,1.0,2.0,0
28.0,61.28,223.0,1.0,1.0,Monthly,1.0,1.0,1
26.0,105.59,537.0,-1.0,2.0,1-Year,1.0,5.0,1
37.0,81.46,382.0,4.0,0.0,1-Year,1.0,1.0,1
38.0,-1.09,121.0,0.0,4.0,2-Year,2.0,2.0,1
34.0,1.91,593.0,3.0,0.0,Monthly,1.0,1.0,1
11.0,144.54,250.0,2.0,0.0,Monthly,1.0,1.0,0
33.0,-22.88,-175.0,2.0,6.0,2-Year,3.0,4.0,1
31.0,36.04,74.0,4.0,2.0,2-Year,1.0,1.0,1
51.0,-50.2,-57.0,1.0,5.0,2-Year,4.0,3.0,1
44.0,110.72,49.0,10.0,0.0,2-Year,1.0,5.0,1
29.0,63.12,459.0,-0.0,0.0,Monthly,1.0,1.0,0
20.0,111.78,241.0,3.0,2.0,2-Year,1.0,5.0,1
7.0,92.55,233.0,2.0,2.0,Monthly,3.0,5.0,0
-5.0,116.39,364.0,4.0,2.0,Monthly,1.0,5.0,0
26.0,28.8,88.0,2.0,4.0,2-Year,1.0,3.0,1
-8.0,149.32,379.0,-0.0,2.0,Monthly,1.0,5.0,0
38.0,52.43,482.0,1.0,0.0,Monthly,1.0,1.0,0
58.0,51.35,46.0,3.0,1.0,2-Year,1.0,5.0,1
38.0,59.65,175.0,3.0,-0.0,Monthly,1.0,1.0,1
34.0,-15.86,393.0,1.0,1.0,Monthly,4.0,1.0,1
23.0,52.44,65.0,-1.0,4.0,2-Year,1.0,3.0,0
33.0,5.31,-136.0,4.0,5.0,2-Year,1.0,1.0,0
7.0,130.08,124.0,0.0,2.0,Monthly,3.0,5.0,0
-4.0,168.3,106.0,-2.0,2.0,1-Year,1.0,2.0,0
8.0,76.08,297.0,3.0,2.0,Monthly,2.0,5.0,0
30.0,-37.21,141.0,4.0,6.0,2-Year,1.0,2.0,1
33.0,-23.77,242.0,2.0,4.0,2-Year,1.0,4.0,0
37.0,-14.77,-18.0,2.0,5.0,2-Year,2.0,4.0,0
18.0,-55.92,324.0,2.0,6.0,2-Year,2.0,1.0,1
23.0,106.31,-169.0,5.0,2.0,2-Year,1.0,1.0,0
27.0,6.92,314.0,4.0,4.0,2-Year,1.0,2.0,1
66.0,26.16,64.0,3.0,0.0,1-Year,1.0,4.0,1
30.0,102.96,209.0,3.0,-0.0,1-Year,1.0,1.0,0
39.0,18.16,514.0,1.0,-0.0,Monthly,1.0,2.0,1
28.0,67.89,-77.0,3.0,3.0,2-Year,1.0,2.0,0
3.0,147.48,123.0,3.0,-0.0,1-Year,1.0,1.0,0
-13.0,94.05,289.0,-4.0,5.0,Monthly,5.0,5.0,1
15.0,72.0,257.0,1.0,4.0,2-Year,1.0,3.0,1
7.0,118.34,204.0,1.0,3.0,1-Year,1.0,4.0,0
12.0,77.04,159.0,2.0,3.0,1-Year,1.0,5.0,1
37.0,34.59,5.0,-0.0,2.0,1-Year,3.0,2.0,0
45.0,24.26,321.0,2.0,0.0,Monthly,1.0,4.0,1
22.0,64.67,201.0,-0.0,2.0,Monthly,3.0,4.0,1
45.0,36.14,226.0,6.0,1.0,2-Year,1.0,5.0,1
23.0,72.13,-5.0,-0.0,2.0,1-Year,3.0,3.0,0
-6.0,87.11,240.0,1.0,2.0,Monthly,3.0,1.0,0
-13.0,179.39,95.0,5.0,1.0,1-Year,1.0,5.0,0
2.0,180.96,-554.0,-3.0,4.0,2-Year,4.0,3.0,0
-11.0,111.63,399.0,2.0,3.0,Monthly,1.0,5.0,0
54.0,-59.26,199.0,2.0,3.0,2-Year,3.0,4.0,0
25.0,106.65,358.0,1.0,1.0,1-Year,1.0,4.0,1
29.0,29.26,201.0,2.0,2.0,Monthly,3.0,4.0,0
52.0,22.22,188.0,2.0,2.0,2-Year,1.0,5.0,1
6.0,49.83,364.0,-5.0,3.0,Monthly,5.0,3.0,1
21.0,139.54,53.0,-2.0,2.0,1-Year,1.0,4.0,0
12.0,81.66,374.0,3.0,1.0,Monthly,2.0,5.0,0
69.0,81.75,103.0,-2.0,-0.0,2-Year,1.0,5.0,0
32.0,-29.78,378.0,3.0,4.0,2-Year,1.0,1.0,1
29.0,72.33,-30.0,2.0,2.0,1-Year,2.0,3.0,1
39.0,16.89,541.0,9.0,-0.0,1-Year,1.0,3.0,1
18.0,104.79,122.0,4.0,2.0,2-Year,1.0,2.0,1
41.0,26.78,360.0,3.0,0.0,Monthly,1.0,4.0,1
28.0,82.67,469.0,-1.0,-0.0,Monthly,1.0,1.0,0
4.0,102.81,79.0,2.0,1.0,Monthly,2.0,1.0,1
-16.0,166.92,70.0,1.0,4.0,2-Year,1.0,4.0,0
39.0,38.17,-26.0,9.0,0.0,2-Year,1.0,1.0,1
6.0,81.39,243.0,-2.0,4.0,Monthly,3.0,5.0,1
33.0,-20.87,227.0,6.0,3.0,1-Year,1.0,3.0,0
29.0,39.3,184.0,1.0,2.0,1-Year,1.0,1.0,1
31.0,33.31,280.0,3.0,2.0,1-Year,1.0,4.0,1
-19.0,143.56,462.0,1.0,2.0,Monthly,3.0,5.0,0
48.0,24.03,158.0,5.0,1.0,2-Year,1.0,3.0,1
18.0,105.89,252.0,1.0,0.0,Monthly,1.0,1.0,0
13.0,74.02,103.0,3.0,1.0,Monthly,2.0,1.0,0
51.0,27.72,212.0,5.0,0.0,1-Year,1.0,5.0,1
46.0,58.99,388.0,-1.0,2.0,2-Year,1.0,4.0,1
7.0,137.84,113.0,-1.0,2.0,1-Year,1.0,1.0,0
2.0,111.69,114.0,0.0,2.0,1-Year,2.0,3.0,0
37.0,6.9,159.0,-1.0,2.0,1-Year,4.0,1.0,1
17.0,74.02,34.0,4.0,3.0,2-Year,1.0,3.0,1
15.0,70.74,189.0,4.0,1.0,Monthly,3.0,5.0,0
8.0,86.92,116.0,4.0,2.0,1-Year,1.0,3.0,0
13.0,131.27,70.0,1.0,1.0,1-Year,1.0,2.0,0
36.0,1.5,277.0,-1.0,3.0,2-Year,1.0,1.0,1
25.0,18.5,173.0,4.0,3.0,2-Year,1.0,1.0,1
41.0,67.01,287.0,-3.0,1.0,1-Year,1.0,4.0,0
24.0,39.47,0.0,4.0,2.0,2-Year,2.0,1.0,1
23.0,52.76,464.0,1.0,1.0,Monthly,1.0,4.0,1
22.0,-5.49,108.0,5.0,6.0,2-Year,1.0,3.0,1
-2.0,158.56,294.0,-2.0,1.0,Monthly,1.0,1.0,0
29.0,27.78,188.0,3.0,3.0,1-Year,3.0,5.0,0
4.0,79.18,202.0,2.0,3.0,1-Year,2.0,5.0,1
28.0,45.34,134.0,1.0,3.0,2-Year,1.0,2.0,1
25.0,70.87,380.0,4.0,1.0,Monthly,1.0,5.0,1
51.0,6.46,279.0,5.0,0.0,1-Year,1.0,4.0,1
36.0,19.34,173.0,-4.0,2.0,1-Year,4.0,1.0,1
1.0,98.66,256.0,3.0,0.0,Monthly,1.0,1.0,0
38.0,138.42,-154.0,4.0,1.0,2-Year,1.0,5.0,1
39.0,18.77,-72.0,2.0,2.0,2-Year,3.0,2.0,1
29.0,83.62,126.0,1.0,0.0,1-Year,1.0,1.0,0
30.0,64.99,-96.0,-2.0,5.0,2-Year,1.0,1.0,0
32.0,108.67,189.0,-2.0,1.0,1-Year,1.0,4.0,0
40.0,-8.86,412.0,2.0,2.0,Monthly,1.0,3.0,1
45.0,-32.82,167.0,4.0,3.0,2-Year,1.0,2.0,0
25.0,70.07,124.0,-1.0,2.0,1-Year,2.0,2.0,1
44.0,97.15,172.0,5.0,0.0,1-Year,1.0,4.0,1
23.0,61.24,220.0,-0.0,4.0,2-Year,1.0,4.0,1
25.0,59.0,384.0,5.0,1.0,1-Year,1.0,3.0,1
37.0,31.67,71.0,6.0,1.0,1-Year,1.0,1.0,1
26.0,136.57,321.0,-3.0,1.0,Monthly,1.0,5.0,0
-3.0,91.76,466.0,2.0,2.0,Monthly,4.0,5.0,0
43.0,109.23,-150.0,12.0,1.0,2-Year,1.0,5.0,1
21.0,110.19,237.0,1.0,0.0,Monthly,1.0,2.0,0
-5.0,103.8,272.0,0.0,2.0,Monthly,1.0,1.0,0
39.0,16.63,242.0,2.0,1.0,Monthly,2.0,1.0,0
50.0,62.97,198.0,-2.0,1.0,1-Year,1.0,5.0,0
26.0,85.41,111.0,2.0,3.0,2-Year,1.0,5.0,1
25.0,42.71,124.0,2.0,1.0,Monthly,3.0,1.0,0
40.0,-5.81,178.0,3.0,1.0,Monthly,3.0,1.0,1
28.0,65.19,83.0,1.0,3.0,2-Year,1.0,4.0,0
19.0,31.5,46.0,-1.0,4.0,2-Year,4.0,2.0,1
16.0,46.49,-67.0,0.0,3.0,1-Year,5.0,1.0,0
17.0,179.19,163.0,-2.0,-0.0,1-Year,1.0,1.0,0
43.0,98.64,185.0,3.0,0.0,1-Year,1.0,4.0,1
48.0,35.83,429.0,9.0,0.0,2-Year,1.0,3.0,1
29.0,74.0,323.0,3.0,1.0,1-Year,1.0,5.0,1
30.0,5.24,443.0,3.0,0.0,Monthly,2.0,1.0,1
8.0,65.5,215.0,-0.0,3.0,1-Year,2.0,1.0,1
14.0,75.28,176.0,8.0,3.0,2-Year,1.0,5.0,1
12.0,105.13,14.0,3.0,2.0,2-Year,1.0,2.0,0
-16.0,172.86,97.0,0.0,1.0,1-Year,1.0,1.0,0
2.0,119.8,51.0,-1.0,2.0,1-Year,3.0,2.0,0
6.0,126.04,106.0,0.0,2.0,1-Year,1.0,1.0,0
61.0,40.94,334.0,7.0,0.0,1-Year,1.0,4.0,1
65.0,1.44,92.0,5.0,0.0,1-Year,1.0,2.0,1
5.0,176.61,187.0,-1.0,0.0,1-Year,1.0,1.0,0
6.0,127.38,-160.0,3.0,4.0,2-Year,1.0,1.0,0
44.0,0.44,444.0,3.0,1.0,1-Year,1.0,3.0,1
29.0,18.12,332.0,1.0,3.0,Monthly,3.0,5.0,0
22.0,37.58,120.0,1.0,3.0,1-Year,3.0,1.0,1
42.0,64.92,88.0,4.0,1.0,2-Year,1.0,5.0,1
14.0,48.08,290.0,3.0,3.0,Monthly,3.0,5.0,0
5.0,63.55,354.0,1.0,3.0,Monthly,2.0,5.0,1
37.0,71.15,60.0,8.0,2.0,2-Year,1.0,5.0,1
36.0,117.47,264.0,1.0,0.0,1-Year,1.0,4.0,0
-15.0,144.49,264.0,4.0,1.0,Monthly,2.0,5.0,0
44.0,8.16,374.0,4.0,0.0,1-Year,1.0,3.0,1
29.0,36.57,88.0,5.0,3.0,2-Year,1.0,3.0,0
0.0,83.48,-39.0,3.0,2.0,1-Year,3.0,1.0,0
4.0,132.41,-58.0,1.0,2.0,1-Year,1.0,1.0,0
54.0,15.59,142.0,0.0,1.0,1-Year,1.0,2.0,1
18.0,166.37,205.0,-5.0,1.0,1-Year,1.0,4.0,0
6.0,132.4,-33.0,-1.0,2.0,1-Year,2.0,1.0,0
51.0,-62.75,36.0,2.0,4.0,2-Year,3.0,1.0,1
8.0,73.82,152.0,4.0,3.0,Monthly,3.0,5.0,0
36.0,-1.6,318.0,0.0,3.0,1-Year,3.0,5.0,0
39.0,11.76,-40.0,5.0,1.0,1-Year,2.0,1.0,1
42.0,28.63,406.0,9.0,-0.0,1-Year,1.0,3.0,1
32.0,39.77,364.0,1.0,1.0,Monthly,1.0,5.0,1
-2.0,97.21,136.0,-3.0,4.0,Monthly,5.0,5.0,0
13.0,63.71,202.0,0.0,5.0,2-Year,1.0,2.0,0
23.0,44.61,-211.0,3.0,4.0,2-Year,3.0,4.0,1
21.0,64.49,302.0,0.0,3.0,Monthly,2.0,5.0,0
15.0,45.07,285.0,3.0,3.0,1-Year,1.0,5.0,1
20.0,53.63,69.0,1.0,2.0,1-Year,4.0,1.0,1
5.0,93.18,-180.0,-2.0,5.0,2-Year,5.0,4.0,0
19.0,81.75,23.0,-1.0,3.0,1-Year,3.0,5.0,0
10.0,74.76,165.0,2.0,3.0,2-Year,1.0,4.0,0
25.0,72.04,254.0,2.0,2.0,1-Year,1.0,2.0,1
26.0,48.59,-25.0,0.0,2.0,1-Year,5.0,1.0,1
17.0,113.8,227.0,-1.0,1.0,Monthly,1.0,1.0,0
24.0,50.18,342.0,-2.0,2.0,Monthly,2.0,3.0,1
9.0,98.4,280.0,-3.0,3.0,Monthly,3.0,5.0,0
44.0,35.32,329.0,6.0,0.0,Monthly,1.0,3.0,1
27.0,29.06,456.0,-2.0,5.0,2-Year,1.0,3.0,1
15.0,124.87,121.0,0.0,1.0,1-Year,1.0,2.0,0
50.0,-72.95,101.0,8.0,3.0,2-Year,1.0,1.0,1
17.0,50.45,321.0,1.0,3.0,1-Year,1.0,4.0,0
20.0,2.04,216.0,4.0,5.0,2-Year,1.0,2.0,1
22.0,50.73,208.0,-0.0,3.0,1-Year,2.0,5.0,0
29.0,49.27,181.0,3.0,3.0,2-Year,1.0,3.0,1
18.0,75.96,197.0,0.0,2.0,Monthly,3.0,5.0,1
19.0,109.24,227.0,-1.0,1.0,Monthly,1.0,2.0,0
19.0,105.13,311.0,2.0,-0.0,Monthly,1.0,1.0,0
2.0,97.51,280.0,4.0,1.0,Monthly,2.0,5.0,0
34.0,-11.33,264.0,6.0,3.0,2-Year,1.0,1.0,1
42.0,38.04,194.0,3.0,1.0,1-Year,1.0,2.0,1
36.0,49.15,502.0,1.0,-0.0,Monthly,1.0,2.0,0
4.0,113.26,95.0,1.0,1.0,1-Year,1.0,1.0,0
41.0,-28.25,116.0,4.0,3.0,2-Year,2.0,3.0,0
-2.0,129.36,157.0,3.0,4.0,2-Year,1.0,5.0,1
30.0,75.85,242.0,3.0,1.0,1-Year,1.0,5.0,1
51.0,69.22,115.0,2.0,1.0,2-Year,1.0,5.0,1
23.0,46.0,147.0,-3.0,2.0,Monthly,5.0,5.0,1
28.0,13.22,272.0,3.0,1.0,Monthly,3.0,1.0,0
19.0,53.11,257.0,4.0,2.0,1-Year,1.0,4.0,1
-6.0,112.61,297.0,2.0,1.0,Monthly,1.0,1.0,0
19.0,98.05,23.0,-3.0,4.0,2-Year,1.0,5.0,0
-5.0,108.03,-32.0,2.0,2.0,1-Year,3.0,1.0,0
-7.0,99.67,181.0,-0.0,4.0,1-Year,3.0,5.0,1
32.0,166.18,404.0,-2.0,0.0,Monthly,1.0,4.0,0
20.0,9.92,-188.0,4.0,3.0,2-Year,5.0,1.0,1
32.0,83.44,181.0,-2.0,2.0,1-Year,2.0,5.0,0
33.0,16.32,433.0,1.0,-0.0,Monthly,3.0,2.0,1
18.0,80.05,45.0,6.0,3.0,2-Year,1.0,5.0,1
43.0,109.83,190.0,-1.0,0.0,1-Year,1.0,5.0,0
52.0,37.11,73.0,3.0,1.0,2-Year,1.0,5.0,1
23.0,87.64,463.0,1.0,0.0,Monthly,1.0,1.0,0
24.0,-1.41,122.0,6.0,6.0,2-Year,1.0,3.0,1
17.0,78.37,101.0,-2.0,3.0,1-Year,3.0,4.0,0
47.0,65.76,112.0,6.0,1.0,2-Year,1.0,5.0,1
-27.0,187.0,266.0,3.0,2.0,Monthly,1.0,5.0,0
-19.0,198.47,152.0,-2.0,2.0,Monthly,1.0,1.0,0
37.0,60.11,272.0,3.0,-0.0,Monthly,1.0,1.0,0
-1.0,159.36,236.0,2.0,1.0,Monthly,2.0,5.0,0
-14.0,98.71,176.0,4.0,2.0,Monthly,2.0,1.0,0
42.0,106.74,85.0,-2.0,0.0,1-Year,1.0,3.0,0
33.0,-3.22,298.0,3.0,3.0,1-Year,3.0,5.0,0
30.0,27.19,70.0,0.0,2.0,1-Year,5.0,5.0,0
50.0,77.03,111.0,-2.0,1.0,1-Year,1.0,5.0,0
36.0,5.57,105.0,2.0,1.0,Monthly,4.0,1.0,1
23.0,-1.6,586.0,-6.0,1.0,Monthly,5.0,1.0,1
26.0,-67.29,-215.0,1.0,6.0,2-Year,5.0,1.0,1
32.0,-20.39,35.0,3.0,4.0,2-Year,2.0,1.0,1
-10.0,180.47,188.0,3.0,1.0,Monthly,1.0,5.0,0
36.0,69.23,390.0,3.0,-0.0,Monthly,1.0,3.0,1
61.0,32.96,121.0,8.0,1.0,2-Year,1.0,5.0,1
23.0,-12.98,431.0,-7.0,2.0,Monthly,5.0,1.0,1
41.0,52.26,212.0,1.0,1.0,1-Year,1.0,4.0,1
29.0,51.18,122.0,-1.0,4.0,2-Year,1.0,2.0,0
43.0,73.37,-133.0,-1.0,2.0,2-Year,2.0,5.0,0
24.0,55.72,166.0,-1.0,2.0,Monthly,4.0,5.0,1
37.0,51.05,475.0,2.0,0.0,Monthly,1.0,1.0,0
15.0,48.03,200.0,1.0,3.0,Monthly,4.0,4.0,1
1.0,97.37,381.0,3.0,0.0,Monthly,1.0,1.0,0
41.0,26.76,34.0,-1.0,4.0,2-Year,2.0,5.0,0
33.0,-89.46,158.0,6.0,5.0,2-Year,1.0,1.0,1
27.0,39.61,24.0,6.0,2.0,2-Year,1.0,5.0,0
52.0,3.75,172.0,7.0,-0.0,1-Year,1.0,1.0,1
34.0,15.32,15.0,7.0,4.0,2-Year,1.0,5.0,1
5.0,30.02,526.0,1.0,3.0,Monthly,2.0,2.0,1
41.0,131.43,45.0,0.0,0.0,2-Year,1.0,1.0,0
64.0,-74.26,318.0,-1.0,4.0,2-Year,3.0,5.0,1
36.0,115.3,-21.0,10.0,1.0,2-Year,1.0,5.0,1
27.0,124.13,104.0,4.0,0.0,1-Year,1.0,4.0,1
25.0,89.21,214.0,2.0,1.0,1-Year,1.0,3.0,0
10.0,46.82,268.0,4.0,3.0,1-Year,1.0,3.0,1
-8.0,162.04,183.0,5.0,1.0,Monthly,1.0,5.0,0
31.0,17.17,163.0,6.0,2.0,1-Year,1.0,4.0,0
42.0,36.99,366.0,0.0,0.0,Monthly,2.0,2.0,1
27.0,59.79,85.0,1.0,1.0,1-Year,2.0,1.0,0
-13.0,94.29,586.0,4.0,0.0,Monthly,1.0,1.0,0
8.0,104.37,-12.0,5.0,2.0,1-Year,2.0,5.0,0
38.0,-33.5,97.0,-1.0,5.0,2-Year,3.0,1.0,1
-2.0,106.88,132.0,4.0,3.0,1-Year,1.0,5.0,1
59.0,74.31,166.0,4.0,0.0,1-Year,1.0,5.0,1
24.0,32.46,287.0,1.0,3.0,1-Year,1.0,5.0,0
2.0,87.11,162.0,1.0,2.0,Monthly,3.0,1.0,0
42.0,-15.75,260.0,4.0,1.0,1-Year,1.0,1.0,1
11.0,86.95,315.0,3.0,3.0,1-Year,1.0,5.0,1
-13.0,151.94,218.0,2.0,1.0,Monthly,1.0,1.0,0
42.0,-4.62,137.0,4.0,4.0,2-Year,1.0,5.0,1
15.0,81.37,-79.0,1.0,4.0,2-Year,1.0,1.0,0
29.0,42.54,425.0,4.0,1.0,Monthly,1.0,5.0,1
13.0,75.09,181.0,4.0,2.0,Monthly,3.0,5.0,0
21.0,60.22,71.0,2.0,3.0,1-Year,3.0,5.0,0
49.0,29.71,338.0,2.0,1.0,1-Year,1.0,2.0,1
44.0,62.69,27.0,3.0,-0.0,1-Year,1.0,2.0,1
12.0,128.81,59.0,0.0,1.0,1-Year,1.0,1.0,0
4.0,146.36,245.0,3.0,-0.0,Monthly,1.0,1.0,0
4.0,143.72,-214.0,-2.0,3.0,2-Year,3.0,2.0,0
5.0,98.06,-13.0,1.0,3.0,1-Year,3.0,1.0,0
43.0,-119.86,73.0,3.0,6.0,2-Year,3.0,1.0,1
30.0,75.7,185.0,6.0,-0.0,1-Year,1.0,1.0,1
8.0,187.99,86.0,0.0,0.0,1-Year,1.0,1.0,0
46.0,16.24,392.0,1.0,2.0,2-Year,1.0,2.0,1
13.0,29.0,44.0,-2.0,3.0,Monthly,5.0,1.0,1
37.0,19.67,343.0,-0.0,2.0,1-Year,1.0,1.0,1
20.0,143.47,-161.0,-2.0,3.0,2-Year,1.0,4.0,0
28.0,162.45,365.0,-6.0,-0.0,Monthly,1.0,4.0,0
27.0,107.03,-40.0,-1.0,2.0,2-Year,1.0,3.0,0
41.0,41.7,347.0,1.0,1.0,Monthly,1.0,5.0,1
15.0,75.57,81.0,4.0,0.0,Monthly,2.0,1.0,1
20.0,52.43,94.0,2.0,3.0,1-Year,2.0,5.0,0
59.0,5.03,302.0,4.0,-0.0,1-Year,1.0,4.0,1
7.0,83.19,148.0,3.0,3.0,1-Year,1.0,5.0,0
17.0,88.21,335.0,1.0,2.0,Monthly,1.0,5.0,1
-9.0,137.93,326.0,6.0,0.0,Monthly,2.0,5.0,0
27.0,44.3,270.0,-0.0,2.0,Monthly,2.0,5.0,1
20.0,133.72,9.0,-2.0,1.0,1-Year,1.0,2.0,0
10.0,94.06,130.0,4.0,2.0,1-Year,1.0,4.0,0
-12.0,203.55,-24.0,0.0,3.0,2-Year,1.0,2.0,0
33.0,6.26,612.0,-4.0,0.0,Monthly,5.0,2.0,1
44.0,119.82,87.0,-2.0,0.0,1-Year,1.0,3.0,0
-2.0,82.34,424.0,-2.0,4.0,Monthly,2.0,5.0,0
33.0,-11.43,288.0,-1.0,4.0,2-Year,2.0,1.0,1
32.0,85.34,367.0,1.0,0.0,Monthly,1.0,1.0,0
-34.0,273.12,-137.0,7.0,1.0,1-Year,1.0,3.0,0
16.0,56.71,425.0,-3.0,3.0,Monthly,3.0,5.0,0
60.0,22.24,200.0,4.0,-0.0,1-Year,1.0,5.0,1
28.0,8.41,206.0,0.0,6.0,2-Year,1.0,4.0,1
14.0,91.5,165.0,1.0,1.0,Monthly,1.0,1.0,0
12.0,110.23,332.0,-0.0,1.0,Monthly,1.0,5.0,0
39.0,105.63,274.0,2.0,0.0,1-Year,1.0,2.0,0
3.0,108.38,300.0,1.0,2.0,Monthly,1.0,5.0,1
8.0,98.01,195.0,-0.0,2.0,Monthly,2.0,4.0,0
33.0,61.3,301.0,-1.0,1.0,1-Year,1.0,2.0,1
-7.0,168.23,118.0,-5.0,3.0,1-Year,2.0,4.0,0
9.0,120.1,30.0,2.0,1.0,1-Year,1.0,1.0,0
10.0,96.37,129.0,3.0,2.0,Monthly,2.0,5.0,0
41.0,68.6,94.0,1.0,1.0,1-Year,2.0,5.0,1
20.0,10.74,532.0,-1.0,2.0,Monthly,3.0,1.0,1
28.0,68.68,443.0,1.0,0.0,Monthly,1.0,4.0,1
17.0,67.19,139.0,-1.0,2.0,Monthly,4.0,3.0,0
36.0,62.73,436.0,-2.0,0.0,Monthly,1.0,4.0,0
38.0,19.03,-44.0,1.0,5.0,2-Year,1.0,1.0,0
11.0,118.37,25.0,-2.0,3.0,1-Year,2.0,5.0,1
-3.0,149.96,67.0,1.0,3.0,2-Year,1.0,5.0,0
38.0,-15.34,228.0,9.0,6.0,2-Year,1.0,5.0,1
27.0,57.38,474.0,3.0,0.0,Monthly,1.0,1.0,0
53.0,30.92,184.0,1.0,0.0,Monthly,2.0,5.0,1
24.0,37.04,68.0,2.0,2.0,1-Year,3.0,1.0,1
27.0,112.57,119.0,0.0,1.0,1-Year,1.0,3.0,0
37.0,-51.0,502.0,5.0,1.0,Monthly,5.0,5.0,0
15.0,51.52,396.0,2.0,3.0,1-Year,1.0,4.0,1
49.0,36.24,168.0,5.0,0.0,1-Year,1.0,5.0,1
27.0,24.17,76.0,4.0,3.0,2-Year,2.0,5.0,1
28.0,61.25,210.0,5.0,2.0,2-Year,1.0,5.0,1
27.0,65.21,-75.0,1.0,4.0,2-Year,1.0,1.0,0
14.0,80.7,159.0,2.0,2.0,Monthly,3.0,5.0,0
15.0,99.42,105.0,-6.0,4.0,1-Year,4.0,5.0,0
17.0,9.07,607.0,1.0,1.0,Monthly,4.0,1.0,1
40.0,31.6,278.0,5.0,1.0,1-Year,1.0,5.0,1
43.0,4.15,-96.0,5.0,1.0,2-Year,3.0,1.0,1
46.0,16.92,265.0,2.0,-0.0,Monthly,2.0,3.0,1
-4.0,116.93,78.0,1.0,4.0,1-Year,2.0,5.0,1
71.0,10.77,16.0,4.0,0.0,2-Year,1.0,5.0,1
23.0,48.35,335.0,-0.0,3.0,1-Year,1.0,3.0,0
39.0,-5.64,53.0,7.0,2.0,2-Year,1.0,1.0,1
24.0,75.82,56.0,3.0,2.0,2-Year,1.0,5.0,0
19.0,105.77,-146.0,7.0,4.0,2-Year,1.0,5.0,1
-3.0,139.66,65.0,6.0,1.0,Monthly,1.0,5.0,0
39.0,43.0,152.0,-2.0,3.0,2-Year,1.0,4.0,1
26.0,50.87,500.0,-2.0,1.0,Monthly,2.0,3.0,1
37.0,71.99,132.0,1.0,1.0,1-Year,1.0,4.0,1
10.0,116.1,-51.0,3.0,3.0,2-Year,1.0,4.0,0
13.0,50.04,158.0,2.0,2.0,Monthly,3.0,1.0,0
-18.0,135.05,250.0,4.0,3.0,Monthly,1.0,5.0,0
-4.0,163.87,24.0,5.0,1.0,1-Year,1.0,2.0,0
37.0,44.3,-79.0,1.0,1.0,1-Year,4.0,2.0,1
1.0,113.7,236.0,3.0,2.0,1-Year,1.0,4.0,0
16.0,131.41,129.0,-4.0,2.0,1-Year,1.0,4.0,0
15.0,47.53,286.0,1.0,1.0,Monthly,3.0,1.0,0
48.0,40.03,260.0,4.0,0.0,1-Year,1.0,5.0,1
15.0,23.27,-106.0,7.0,2.0,1-Year,4.0,1.0,1
7.0,72.5,274.0,2.0,3.0,Monthly,3.0,5.0,0
12.0,101.39,-50.0,3.0,3.0,1-Year,2.0,5.0,0
-3.0,147.14,342.0,-3.0,3.0,1-Year,1.0,5.0,0
-5.0,84.99,242.0,-5.0,5.0,Monthly,5.0,5.0,1
28.0,54.84,252.0,-1.0,2.0,1-Year,1.0,1.0,1
40.0,-52.21,-130.0,4.0,3.0,2-Year,5.0,1.0,1
44.0,21.41,38.0,6.0,2.0,2-Year,1.0,4.0,1
4.0,80.1,357.0,1.0,1.0,Monthly,2.0,1.0,0
49.0,0.05,243.0,2.0,2.0,1-Year,1.0,4.0,1
-16.0,187.67,-224.0,7.0,2.0,2-Year,1.0,1.0,0
13.0,84.44,230.0,6.0,0.0,Monthly,3.0,5.0,0
14.0,105.98,202.0,3.0,0.0,Monthly,1.0,1.0,0
8.0,85.96,298.0,2.0,3.0,1-Year,1.0,5.0,0
-3.0,119.37,222.0,1.0,2.0,Monthly,2.0,2.0,0
-12.0,74.8,-57.0,0.0,5.0,1-Year,5.0,2.0,0
19.0,81.02,61.0,2.0,3.0,2-Year,1.0,4.0,0
34.0,-2.71,-85.0,5.0,4.0,2-Year,1.0,3.0,1
8.0,137.57,-77.0,2.0,3.0,2-Year,1.0,2.0,0
38.0,77.65,72.0,3.0,0.0,Monthly,1.0,1.0,1
-31.0,196.63,273.0,1.0,3.0,Monthly,1.0,4.0,0
35.0,11.73,-48.0,8.0,1.0,2-Year,2.0,1.0,1
34.0,38.04,93.0,-1.0,2.0,1-Year,4.0,1.0,1
6.0,152.11,-157.0,1.0,3.0,2-Year,1.0,1.0,0
