customer_id,age,annual_income,employment_duration,credit_score,employment_status,education,loan_amount,loan_term,existing_debt,debt_to_income,late_payments_30_days,late_payments_90_days,num_credit_cards,num_bank_accounts,default_status
1,45,73106.0,4.0,459.0,Full-time,High School,15771,48,3927,0.054,0,0,1,2,0
2,38,57659.0,6.0,563.0,Full-time,Bachelor,24262,36,511,0.009,0,0,1,2,1
3,47,37414.0,3.0,608.0,Unemployed,Bachelor,11225,36,1231,0.033,1,0,3,3,0
4,58,26279.0,5.0,838.0,Full-time,High School,22199,12,2071,0.079,0,0,1,1,0
5,37,51488.0,0.0,705.0,Full-time,Bachelor,56961,60,1932,0.038,0,0,1,1,0
6,37,44211.0,7.0,516.0,Full-time,Bachelor,36736,60,573,0.013,0,0,1,0,1
7,58,56817.0,7.0,698.0,Full-time,Bachelor,50099,36,11744,0.207,1,0,3,0,0
8,49,49890.0,3.0,495.0,Full-time,Bachelor,26784,12,15490,0.31,0,1,4,1,0
9,34,61376.0,9.0,758.0,Full-time,Bachelor,39488,12,28304,0.461,0,0,5,2,0
10,46,27788.0,10.0,602.0,Full-time,Other,15336,12,9392,0.338,0,0,2,2,0
11,34,70171.0,0.0,640.0,Part-time,Bachelor,15959,48,2007,0.029,0,0,2,1,1
12,34,40086.0,3.0,782.0,Full-time,High School,5599,60,1973,0.049,0,1,1,0,0
13,42,102501.0,3.0,521.0,Full-time,High School,39857,60,1867,0.018,0,0,2,3,0
14,17,,3.0,510.0,Full-time,Bachelor,47579,48,21712,0.844,0,0,5,0,0
15,19,86507.0,10.0,591.0,Part-time,Master,16704,24,2655,0.031,0,0,3,0,0
16,33,40092.0,6.0,753.0,Full-time,High School,19399,48,10606,0.265,0,0,2,1,0
17,27,26220.0,5.0,498.0,Full-time,Master,15109,12,9812,0.374,0,0,1,2,1
18,43,28511.0,0.0,366.0,Full-time,High School,26670,48,3603,0.126,0,0,5,0,0
19,29,30940.0,9.0,604.0,Full-time,Bachelor,38656,12,698,0.023,1,0,2,1,0
20,23,44895.0,2.0,705.0,Full-time,Master,9215,36,2713,0.06,0,0,2,1,0
21,57,47165.0,7.0,770.0,Part-time,Bachelor,27030,12,3452,0.073,0,0,1,1,0
22,37,27259.0,8.0,603.0,Full-time,Bachelor,19180,60,10699,0.392,0,1,1,2,1
23,40,35875.0,12.0,608.0,Full-time,High School,23311,48,3039,0.085,0,0,0,1,0
24,22,105993.0,1.0,765.0,Full-time,Master,27708,12,890,0.008,1,0,3,1,1
25,33,86143.0,0.0,463.0,Part-time,High School,20048,24,8005,0.093,0,1,3,2,0
26,41,45168.0,7.0,611.0,Full-time,Master,20914,36,2374,0.053,0,0,1,1,0
27,26,37012.0,,669.0,Full-time,High School,19792,24,233,0.006,1,0,2,1,0
28,44,38561.0,11.0,694.0,Full-time,Master,35780,24,4125,0.107,0,0,4,0,0
29,32,49353.0,7.0,599.0,Full-time,Bachelor,27156,24,4918,0.1,1,0,2,0,1
30,36,21776.0,5.0,653.0,Full-time,Master,24594,36,1283,0.059,1,0,1,2,1
31,32,31930.0,10.0,401.0,Full-time,Bachelor,11667,36,2460,0.077,0,0,3,3,0
32,62,15767.0,3.0,584.0,Full-time,PhD,18227,36,5754,0.365,0,0,6,1,1
33,39,44338.0,8.0,695.0,Full-time,High School,34521,36,4153,0.094,0,0,2,1,1
34,27,50191.0,9.0,551.0,Full-time,High School,22445,24,624,0.012,0,1,0,0,0
35,49,28521.0,11.0,655.0,Full-time,Bachelor,30630,60,10441,0.366,1,0,3,0,0
36,25,79777.0,18.0,694.0,Full-time,High School,53276,60,16421,0.206,0,1,1,2,0
37,42,19675.0,8.0,615.0,Part-time,High School,37023,36,1789,0.091,0,0,1,0,0
38,16,17462.0,4.0,667.0,Unemployed,PhD,23076,48,441,0.025,0,0,1,0,0
39,24,40628.0,6.0,553.0,Unemployed,Other,17060,12,6445,0.159,1,0,5,1,0
40,42,61300.0,0.0,629.0,Self-employed,Bachelor,6143,48,1520,0.025,0,0,0,1,1
41,48,84285.0,4.0,711.0,Full-time,PhD,20247,48,5092,0.06,0,0,3,0,0
42,42,28869.0,5.0,665.0,Part-time,Bachelor,18713,48,26961,0.934,0,0,1,0,1
43,38,62276.0,4.0,591.0,Full-time,High School,26773,60,635,0.01,1,0,0,4,0
44,36,35622.0,7.0,672.0,Full-time,Master,20395,12,1343,0.038,0,0,2,0,0
45,22,33312.0,3.0,721.0,Full-time,Bachelor,18766,48,2454,0.074,1,1,0,2,0
46,31,56490.0,11.0,445.0,Full-time,Other,9048,36,10847,0.192,0,0,3,1,0
47,34,50320.0,7.0,765.0,Part-time,High School,13766,60,104361,2.074,0,0,1,1,0
48,52,16511.0,6.0,616.0,Full-time,Bachelor,27954,36,3816,0.231,0,0,1,1,0
49,44,75983.0,5.0,692.0,Full-time,High School,51945,36,582,0.008,1,0,1,2,1
50,18,72406.0,7.0,769.0,Self-employed,High School,20978,48,2110,0.029,1,0,4,1,0
51,43,26561.0,10.0,512.0,Full-time,High School,25949,36,1373,0.052,0,0,1,2,0
52,35,44262.0,3.0,579.0,Full-time,Other,35462,12,6133,0.139,0,0,2,2,0
53,31,46491.0,4.0,621.0,Self-employed,Master,14684,36,4345,0.093,1,0,1,1,0
54,47,41371.0,5.0,571.0,Full-time,Master,26460,48,1051,0.025,0,0,2,0,0
55,52,27580.0,1.0,823.0,Full-time,Bachelor,15210,36,1295,0.047,1,0,0,2,0
56,51,25956.0,3.0,564.0,Full-time,Bachelor,33942,60,2079,0.08,0,0,2,0,1
57,29,35854.0,5.0,594.0,Full-time,High School,23758,60,2346,0.065,0,0,2,3,0
58,36,65275.0,10.0,670.0,Self-employed,High School,25571,60,2857,0.044,1,0,2,5,0
59,43,,8.0,529.0,Full-time,Bachelor,14893,24,3130,0.066,1,0,1,1,0
60,51,30172.0,7.0,610.0,Full-time,Master,31367,60,10248,0.34,1,0,2,1,1
61,34,53415.0,10.0,681.0,Full-time,Bachelor,62464,60,2005,0.038,0,1,0,0,1
62,37,8740.0,6.0,616.0,Full-time,High School,13306,24,1730,0.198,1,0,4,0,0
63,26,64497.0,8.0,,Unemployed,High School,18585,60,781,0.012,0,0,2,2,0
64,25,15216.0,6.0,597.0,Full-time,High School,24730,48,2383,0.157,0,0,5,2,0
65,49,30296.0,8.0,498.0,Full-time,Bachelor,32637,60,3851,0.127,1,0,2,1,0
66,56,20747.0,4.0,682.0,Full-time,PhD,16651,60,531,0.026,0,0,3,1,0
67,39,19008.0,0.0,,Full-time,Bachelor,5342,24,2116,0.111,1,0,2,1,0
68,52,64887.0,6.0,651.0,Self-employed,Master,43459,48,9511,0.147,0,0,3,1,0
69,44,28742.0,12.0,672.0,Full-time,Bachelor,32217,36,5700,0.198,1,0,1,2,0
70,32,43185.0,10.0,719.0,Full-time,Bachelor,9214,12,4330,0.1,0,0,1,3,0
71,44,35473.0,10.0,523.0,Full-time,High School,16255,48,5548,0.156,1,1,2,1,1
72,58,46097.0,11.0,820.0,Part-time,Master,48247,36,1679,0.036,1,0,1,1,0
73,39,,7.0,670.0,Full-time,Master,45428,48,1470,0.039,0,0,2,5,0
74,58,19120.0,7.0,813.0,Self-employed,High School,35218,36,10635,0.556,0,0,3,1,0
75,8,59762.0,4.0,576.0,Full-time,Bachelor,20169,36,6826,0.114,0,0,2,0,0
76,49,28370.0,5.0,831.0,Self-employed,Bachelor,22959,48,1413,0.05,0,0,2,1,0
77,41,16675.0,9.0,727.0,Full-time,Bachelor,20630,24,455,0.027,0,0,1,1,0
78,36,29317.0,11.0,705.0,Full-time,PhD,38720,48,1443,0.049,0,0,2,1,0
79,41,76909.0,6.0,,Full-time,Bachelor,14215,48,5133,0.067,0,0,1,1,0
80,16,55554.0,5.0,625.0,Full-time,Bachelor,14722,36,1543,0.028,0,0,2,4,0
81,37,,7.0,770.0,Self-employed,High School,36502,12,4146,0.136,0,0,2,1,0
82,44,30496.0,9.0,664.0,Part-time,High School,21543,36,12329,0.404,0,0,1,0,0
83,57,30920.0,1.0,453.0,Full-time,High School,43880,60,2716,0.088,0,1,3,3,0
84,33,102577.0,0.0,538.0,Full-time,High School,15744,48,3766,0.037,0,0,0,3,0
85,30,43957.0,4.0,631.0,Full-time,Master,21431,48,5912,0.134,0,0,2,2,0
86,33,45027.0,2.0,680.0,Part-time,Master,13888,24,1010,0.022,0,0,3,1,1
87,50,60787.0,4.0,644.0,Full-time,High School,22107,36,1376,0.023,0,0,2,0,0
88,43,40920.0,6.0,771.0,Full-time,Master,10516,24,6162,0.151,0,0,2,0,0
89,33,,5.0,454.0,Full-time,High School,17260,48,3093,0.097,0,0,3,2,0
90,46,32919.0,12.0,664.0,Full-time,Bachelor,10741,36,3366,0.102,0,0,2,2,0
91,41,35038.0,8.0,468.0,Full-time,High School,31162,36,3081,0.088,0,0,2,2,0
92,51,35645.0,8.0,725.0,Full-time,Bachelor,31517,60,7929,0.222,0,1,4,0,0
93,31,52251.0,9.0,640.0,Full-time,High School,9273,60,4608,0.088,0,0,3,3,1
94,36,37271.0,2.0,691.0,Unemployed,Bachelor,42913,12,4669,0.125,1,0,2,2,0
95,35,52382.0,11.0,563.0,Full-time,Bachelor,76780,60,10119,0.193,1,0,4,4,0
96,22,34879.0,6.0,777.0,Full-time,Other,22539,36,14862,0.426,0,0,2,2,0
97,43,37771.0,9.0,754.0,Full-time,High School,15985,60,28101,0.744,0,0,0,0,0
98,43,13371.0,,708.0,Part-time,High School,90414,12,1670,0.125,0,0,1,2,0
99,40,57420.0,0.0,637.0,Full-time,High School,11390,48,35221,0.613,0,0,3,0,0
100,37,43184.0,10.0,707.0,Full-time,Bachelor,22249,60,995,0.023,0,0,3,1,0
101,23,59814.0,8.0,579.0,Full-time,High School,24096,36,20645,0.345,0,0,3,3,0
102,34,8534.0,3.0,735.0,Full-time,Master,43155,48,1581,0.185,0,0,2,3,0
103,35,103175.0,3.0,814.0,Full-time,Bachelor,26367,36,2782,0.027,0,0,4,2,0
104,30,33867.0,11.0,757.0,Part-time,Bachelor,17165,48,3036,0.09,0,0,2,2,0
105,38,63202.0,2.0,577.0,Self-employed,Bachelor,13689,36,1252,0.02,0,0,2,3,0
106,44,21591.0,13.0,686.0,Full-time,High School,18566,60,3251,0.151,0,1,2,1,0
107,62,49334.0,,520.0,Full-time,High School,13313,60,1319,0.027,1,1,4,2,1
108,42,21445.0,9.0,707.0,Self-employed,Bachelor,22559,12,867,0.04,0,0,4,1,1
109,43,26585.0,5.0,695.0,Full-time,Bachelor,16612,48,2867,0.108,0,1,1,0,0
110,39,94562.0,9.0,463.0,Part-time,High School,10435,12,14616,0.155,1,0,0,1,0
111,16,33013.0,4.0,533.0,Full-time,High School,41256,24,2312,0.07,0,0,2,2,0
112,39,40486.0,6.0,621.0,Self-employed,Other,17174,60,7638,0.189,0,0,2,1,0
113,40,56108.0,7.0,619.0,Part-time,High School,11683,48,1279,0.023,0,0,2,0,0
114,69,46529.0,2.0,529.0,Self-employed,Master,20249,12,825,0.018,0,0,3,2,0
115,37,39152.0,9.0,688.0,Full-time,Master,22792,12,4693,0.12,0,0,4,1,0
116,43,43585.0,4.0,675.0,Full-time,High School,9198,24,17250,0.396,1,0,2,0,0
117,39,120777.0,6.0,630.0,Self-employed,High School,25999,12,3673,0.03,0,0,3,0,0
118,25,35284.0,3.0,574.0,Full-time,High School,13048,36,6813,0.193,0,0,4,2,1
119,53,40156.0,0.0,754.0,Full-time,Bachelor,51819,60,13294,0.331,0,0,0,2,0
120,49,61409.0,6.0,815.0,Part-time,Bachelor,28623,12,2874,0.047,0,1,3,0,1
121,49,,16.0,601.0,Part-time,Master,18034,12,2560,0.041,0,0,1,2,0
122,29,65743.0,10.0,588.0,Self-employed,PhD,15175,24,4779,0.073,0,0,2,1,0
123,56,49979.0,6.0,699.0,Full-time,Bachelor,20900,36,5710,0.114,0,0,2,2,0
124,23,20506.0,5.0,614.0,Part-time,High School,29923,12,735,0.036,0,0,3,1,1
125,47,,7.0,636.0,Part-time,High School,21747,60,4006,0.049,0,0,2,0,0
126,66,20472.0,9.0,723.0,Full-time,Master,19760,60,2978,0.145,0,0,1,0,0
127,28,42248.0,2.0,459.0,Full-time,High School,22678,12,1353,0.032,0,0,2,2,1
128,33,24905.0,11.0,781.0,Full-time,High School,16286,36,2779,0.112,1,0,2,2,1
129,41,35169.0,9.0,657.0,Full-time,Master,18553,60,929,0.026,0,0,0,1,0
130,33,42803.0,9.0,608.0,Unemployed,Bachelor,7762,60,657,0.015,1,0,1,0,0
131,21,42645.0,8.0,641.0,Full-time,PhD,35841,36,3187,0.075,1,0,3,5,1
132,40,44844.0,7.0,646.0,Part-time,Bachelor,25575,36,7347,0.164,0,0,1,0,1
133,27,81377.0,9.0,476.0,Unemployed,High School,14962,12,2106,0.026,0,0,1,1,0
134,45,45559.0,9.0,799.0,Full-time,PhD,56918,48,1140,0.025,1,0,1,3,0
135,28,32142.0,5.0,654.0,Part-time,High School,23005,24,1332,0.041,1,0,2,0,0
136,58,58808.0,4.0,694.0,Full-time,Bachelor,13120,48,5161,0.088,1,0,2,2,0
137,30,65823.0,7.0,745.0,Self-employed,Bachelor,33805,48,15793,0.24,0,0,2,0,1
138,36,19657.0,13.0,547.0,Full-time,High School,26876,60,6441,0.328,2,0,2,2,0
139,49,48957.0,2.0,697.0,Self-employed,Bachelor,26830,36,10946,0.224,0,0,3,3,0
140,25,51564.0,1.0,623.0,Full-time,High School,17802,60,1045,0.02,0,2,1,1,0
141,42,31295.0,7.0,734.0,Full-time,Bachelor,27591,24,2768,0.088,0,0,2,2,0
142,55,72247.0,7.0,437.0,Part-time,Bachelor,19324,12,8255,0.114,0,0,0,1,0
143,20,33690.0,7.0,640.0,Full-time,Master,29084,24,735,0.022,0,0,2,1,1
144,42,38668.0,7.0,589.0,Full-time,Master,8497,60,1543,0.04,0,0,5,1,0
145,43,33305.0,6.0,693.0,Full-time,High School,17730,60,7646,0.23,0,0,1,2,0
146,49,36599.0,12.0,697.0,Part-time,Bachelor,52108,60,3860,0.105,0,0,0,1,0
147,25,20991.0,0.0,579.0,Full-time,Bachelor,15009,60,1135,0.054,0,0,1,0,0
148,24,,3.0,578.0,Full-time,High School,16286,48,583,0.033,0,0,1,1,1
149,46,80599.0,6.0,638.0,Full-time,Master,17606,12,11353,0.141,0,0,2,3,0
150,43,23778.0,0.0,,Full-time,Master,11999,48,382,0.016,0,0,5,1,1
151,43,22121.0,6.0,734.0,Full-time,High School,7301,60,5610,0.254,0,0,4,1,1
152,44,12373.0,13.0,613.0,Full-time,Bachelor,19627,36,1749,0.141,0,0,2,2,0
153,31,26384.0,7.0,359.0,Full-time,High School,23574,48,8493,0.322,1,0,2,4,0
154,42,18740.0,7.0,612.0,Full-time,Bachelor,21455,60,1051,0.056,1,0,2,2,0
155,43,82537.0,1.0,546.0,Full-time,High School,20487,60,40733,0.494,1,0,5,5,0
156,31,60168.0,4.0,486.0,Self-employed,Other,22505,12,4457,0.074,0,0,0,3,0
157,62,25743.0,5.0,526.0,Full-time,Master,36732,24,5255,0.204,0,2,4,0,1
158,45,111995.0,5.0,660.0,Full-time,Bachelor,20025,48,1376,0.012,0,0,4,2,0
159,25,59330.0,12.0,782.0,Full-time,Bachelor,16530,48,2608,0.044,0,0,2,1,0
160,47,30871.0,,681.0,Full-time,PhD,19138,48,2677,0.087,0,0,1,2,0
161,28,10407.0,2.0,589.0,Part-time,Bachelor,29427,60,17962,1.726,0,0,1,0,0
162,49,114173.0,7.0,695.0,Full-time,High School,44623,12,4449,0.039,0,0,1,1,0
163,53,18128.0,8.0,,Full-time,Bachelor,16089,60,5134,0.283,0,0,1,2,0
164,30,15951.0,11.0,580.0,Full-time,Master,23143,60,5077,0.318,1,0,1,3,0
165,51,,13.0,534.0,Full-time,Bachelor,26086,36,5589,0.092,0,0,3,1,0
166,44,122992.0,2.0,474.0,Full-time,Bachelor,13409,12,742,0.006,0,0,3,0,0
167,49,72557.0,3.0,611.0,Full-time,Master,22252,48,23138,0.319,1,0,2,3,0
168,62,48144.0,1.0,665.0,Full-time,Master,10584,24,1239,0.026,0,0,4,2,0
169,37,48892.0,6.0,640.0,Unemployed,PhD,9094,48,2868,0.059,0,0,3,0,0
170,30,55642.0,,608.0,Full-time,High School,26459,60,13787,0.248,0,0,2,3,0
171,29,53075.0,10.0,,Full-time,Bachelor,18179,12,20632,0.389,0,0,1,4,0
172,30,41797.0,6.0,710.0,Self-employed,Master,24370,12,6673,0.16,0,0,4,4,0
173,39,38257.0,5.0,518.0,Part-time,Master,21830,12,1799,0.047,1,0,1,3,0
174,44,35196.0,7.0,727.0,Full-time,Bachelor,13518,36,3387,0.096,0,0,4,1,0
175,43,24909.0,,549.0,Part-time,High School,21533,48,3522,0.141,0,0,0,1,0
176,49,,15.0,574.0,Self-employed,Master,11889,36,3649,0.116,0,0,2,1,0
177,40,15576.0,0.0,503.0,Full-time,Master,44156,24,871,0.056,0,0,2,2,0
178,57,34573.0,7.0,599.0,Full-time,High School,11181,60,10510,0.304,0,0,2,0,1
179,36,22152.0,15.0,747.0,Full-time,Bachelor,19972,36,3410,0.154,0,0,3,1,0
180,72,,7.0,701.0,Unemployed,High School,13080,36,1447,0.069,0,0,4,0,0
181,47,39733.0,6.0,747.0,Full-time,Bachelor,29296,60,1810,0.046,0,0,3,3,0
182,29,72838.0,5.0,702.0,Full-time,High School,18662,12,3904,0.054,0,0,4,2,0
183,27,57478.0,6.0,539.0,Self-employed,Bachelor,16994,60,732,0.013,0,0,0,1,1
184,45,16560.0,12.0,616.0,Full-time,Bachelor,33745,48,7175,0.433,0,0,4,0,0
185,37,22140.0,,,Full-time,Bachelor,22352,60,3769,0.17,0,0,3,1,0
186,48,58127.0,13.0,783.0,Full-time,Bachelor,28518,12,14266,0.245,0,0,5,2,0
187,45,22220.0,1.0,530.0,Full-time,Master,13485,60,3221,0.145,1,0,2,2,1
188,39,32457.0,5.0,739.0,Self-employed,High School,10911,36,1007,0.031,0,0,3,3,0
189,29,47811.0,5.0,739.0,Full-time,High School,23239,24,899,0.019,0,0,5,0,0
190,21,22377.0,9.0,832.0,Part-time,Master,18780,36,2016,0.09,1,1,2,1,0
191,34,38280.0,,609.0,Full-time,High School,30128,24,2241,0.059,0,0,0,1,1
192,50,18638.0,8.0,,Full-time,Other,21163,60,1690,0.091,0,0,3,1,0
193,42,26884.0,15.0,850.0,Unemployed,Master,24404,48,3389,0.126,0,0,1,3,0
194,25,42611.0,1.0,588.0,Full-time,Bachelor,9782,60,1648,0.039,1,0,3,0,0
195,42,16374.0,7.0,496.0,Full-time,Other,56625,12,3843,0.235,0,0,1,2,0
196,44,45262.0,4.0,461.0,Full-time,High School,20289,60,1771,0.039,0,0,2,3,1
197,29,35960.0,8.0,,Self-employed,Bachelor,31219,24,5606,0.156,1,0,2,0,1
198,41,47870.0,7.0,461.0,Full-time,Bachelor,14500,36,2186,0.046,1,0,1,2,1
199,40,40617.0,,612.0,Full-time,Bachelor,25693,48,10365,0.255,0,0,2,2,0
200,26,71830.0,8.0,693.0,Full-time,PhD,11482,60,5723,0.08,0,0,3,2,1
201,44,38661.0,14.0,668.0,Full-time,High School,27612,60,3617,0.094,1,0,1,0,0
202,46,29298.0,,692.0,Part-time,Bachelor,18435,36,2421,0.083,0,0,5,2,0
203,52,38605.0,9.0,672.0,Full-time,Bachelor,22350,48,652,0.017,0,0,0,3,0
204,52,47650.0,1.0,777.0,Full-time,Bachelor,31225,60,12253,0.257,1,0,1,2,1
205,23,37213.0,3.0,554.0,Full-time,High School,11893,60,1509,0.041,0,0,1,0,0
206,28,37060.0,8.0,582.0,Full-time,Bachelor,15642,24,3264,0.088,0,0,3,1,0
207,46,25565.0,12.0,572.0,Self-employed,Master,27685,24,4204,0.164,0,0,1,1,0
208,46,26070.0,8.0,733.0,Full-time,High School,62888,12,2481,0.095,0,0,0,1,0
209,46,18010.0,,740.0,Unemployed,Master,20557,36,11551,0.641,0,0,2,2,0
210,86,87097.0,6.0,695.0,Full-time,Bachelor,29601,48,878,0.01,0,0,1,1,0
211,46,19498.0,1.0,768.0,Full-time,Master,20879,60,16880,0.866,1,0,0,1,1
212,53,25682.0,9.0,532.0,Self-employed,Master,58169,60,5834,0.227,0,0,2,2,0
213,51,25356.0,10.0,816.0,Full-time,High School,9194,12,2329,0.092,0,0,3,1,0
214,47,56809.0,5.0,,Part-time,Bachelor,23093,60,2356,0.041,0,0,2,2,0
215,36,31336.0,5.0,723.0,Unemployed,Master,9771,36,324,0.01,0,0,2,2,0
216,49,67769.0,8.0,828.0,Full-time,Bachelor,6289,12,1276,0.019,1,0,3,0,0
217,30,25932.0,5.0,484.0,Full-time,Other,25558,36,2092,0.081,1,0,1,3,1
218,37,41751.0,6.0,597.0,Part-time,Bachelor,23617,12,3554,0.085,0,0,1,2,0
219,34,23916.0,15.0,576.0,Full-time,High School,19102,60,10504,0.439,1,0,5,1,0
220,40,106146.0,6.0,722.0,Full-time,Bachelor,20887,12,22869,0.215,0,0,5,2,1
221,67,20054.0,5.0,544.0,Full-time,Other,103688,24,3913,0.195,1,0,1,1,0
222,17,42400.0,4.0,725.0,Full-time,Bachelor,19358,48,3661,0.086,0,0,5,0,0
223,48,49855.0,9.0,787.0,Part-time,Master,28426,60,1825,0.037,1,0,2,1,0
224,20,,6.0,719.0,Full-time,Master,15919,48,536,0.012,1,0,1,2,0
225,34,33102.0,4.0,678.0,Full-time,Bachelor,25530,60,1626,0.049,0,0,1,3,1
226,53,34033.0,12.0,,Full-time,High School,19552,48,2427,0.071,0,0,3,3,0
227,40,37119.0,12.0,565.0,Full-time,Master,17939,24,7906,0.213,1,0,5,0,0
228,27,33742.0,,774.0,Full-time,Bachelor,54690,48,5011,0.149,0,0,1,1,0
229,31,58802.0,0.0,727.0,Part-time,Master,39679,12,3720,0.063,0,0,2,0,0
230,48,109673.0,11.0,646.0,Full-time,Bachelor,23585,48,1667,0.015,0,0,0,2,0
231,31,27481.0,4.0,608.0,Part-time,Bachelor,6959,60,410,0.015,1,0,4,3,0
232,42,18308.0,10.0,447.0,Self-employed,Master,18388,36,436,0.024,0,0,1,4,0
233,40,34747.0,0.0,542.0,Full-time,Bachelor,85094,48,564,0.016,1,0,0,1,0
234,32,131907.0,10.0,841.0,Full-time,Bachelor,19627,48,2226,0.017,0,0,1,2,0
235,65,24298.0,2.0,521.0,Full-time,Bachelor,38238,48,8054,0.331,0,1,4,0,0
236,47,82417.0,9.0,668.0,Full-time,Bachelor,45295,60,7840,0.095,0,0,3,0,0
237,15,84023.0,,750.0,Self-employed,Bachelor,24574,48,6592,0.078,0,0,3,1,0
238,42,27534.0,3.0,524.0,Self-employed,Master,14459,60,1780,0.065,1,0,1,2,0
239,32,48266.0,5.0,668.0,Full-time,Bachelor,6518,60,9360,0.194,0,0,1,2,0
240,50,81977.0,9.0,743.0,Full-time,Bachelor,31010,36,1174,0.014,0,0,3,0,0
241,30,30044.0,7.0,651.0,Self-employed,Bachelor,14656,12,6998,0.233,1,0,3,2,0
242,38,32800.0,9.0,850.0,Unemployed,High School,24054,60,558,0.017,0,0,2,0,0
243,46,27150.0,14.0,483.0,Full-time,High School,11790,24,918,0.034,0,0,2,0,0
244,50,21864.0,0.0,755.0,Full-time,PhD,19290,48,15562,0.712,0,2,3,2,1
245,25,26248.0,13.0,632.0,Full-time,Master,22400,24,2431,0.093,0,0,4,3,0
246,35,19693.0,7.0,727.0,Unemployed,Bachelor,25192,48,1508,0.077,0,0,3,3,0
247,34,36939.0,3.0,,Full-time,Bachelor,12614,36,8980,0.243,0,0,2,0,0
248,32,24711.0,1.0,576.0,Full-time,High School,40072,60,10070,0.408,1,0,3,1,1
249,61,40818.0,6.0,672.0,Full-time,Bachelor,16342,12,1932,0.047,0,0,1,0,0
250,44,16681.0,10.0,464.0,Full-time,Bachelor,9535,60,3938,0.236,0,0,3,3,0
251,24,42849.0,6.0,710.0,Full-time,Bachelor,20857,48,3418,0.08,0,0,2,3,0
252,51,55092.0,13.0,679.0,Unemployed,Bachelor,22408,12,176,0.003,0,0,2,0,0
253,65,13401.0,1.0,713.0,Full-time,High School,23868,60,738,0.055,2,0,2,2,0
254,52,43784.0,6.0,755.0,Full-time,High School,43523,12,7648,0.175,0,0,2,1,0
255,21,67092.0,1.0,686.0,Full-time,Other,19570,48,1296,0.019,0,0,6,0,1
256,34,19834.0,8.0,664.0,Full-time,Bachelor,20747,36,5063,0.255,0,0,1,2,0
257,55,83808.0,10.0,561.0,Full-time,Bachelor,12687,36,3877,0.046,0,1,1,4,0
258,31,44779.0,5.0,578.0,Full-time,High School,33199,60,10051,0.224,1,0,5,1,0
259,45,25527.0,0.0,,Full-time,High School,24152,24,762,0.03,1,0,3,2,0
260,49,35316.0,7.0,793.0,Full-time,Master,17854,48,4421,0.125,1,0,5,0,1
261,28,48009.0,8.0,626.0,Full-time,Bachelor,8498,60,2792,0.058,1,0,2,4,0
262,39,37722.0,8.0,654.0,Full-time,Bachelor,45351,60,1353,0.036,0,0,2,2,1
263,1,47542.0,,559.0,Unemployed,High School,11922,36,1343,0.028,1,1,1,1,0
264,27,22917.0,2.0,767.0,Self-employed,Master,16388,12,3742,0.163,0,0,2,1,0
265,36,39524.0,9.0,716.0,Full-time,High School,26348,48,5595,0.142,0,0,2,1,0
266,25,17910.0,11.0,844.0,Full-time,High School,12109,12,3176,0.177,0,0,2,1,0
267,59,34351.0,0.0,562.0,Self-employed,Bachelor,10438,48,3277,0.095,0,0,3,0,1
268,22,23110.0,8.0,612.0,Full-time,High School,7616,24,1810,0.078,0,0,2,1,0
269,34,,4.0,673.0,Part-time,High School,31586,36,1934,0.077,0,0,0,2,1
270,41,67376.0,6.0,,Self-employed,Bachelor,16771,24,1349,0.02,0,0,1,4,0
271,57,62671.0,8.0,,Full-time,Bachelor,95190,60,1774,0.028,0,0,2,4,0
272,22,,,562.0,Full-time,Master,13397,36,5402,0.11,0,0,7,2,1
273,53,21032.0,4.0,738.0,Unemployed,Bachelor,13894,60,6041,0.287,2,0,1,1,0
274,40,31001.0,7.0,722.0,Full-time,High School,16602,24,832,0.027,0,0,3,1,0
275,28,66605.0,2.0,558.0,Full-time,High School,24873,48,1216,0.018,0,1,2,2,0
276,45,38982.0,2.0,785.0,Full-time,Other,17411,60,1464,0.038,0,1,1,2,1
277,42,115805.0,9.0,767.0,Full-time,Bachelor,29916,12,2796,0.024,0,0,3,1,0
278,32,44207.0,2.0,663.0,Full-time,Master,13503,48,553,0.013,0,0,3,0,0
279,40,39975.0,9.0,657.0,Part-time,High School,11039,48,1237,0.031,0,0,3,3,0
280,35,31114.0,8.0,705.0,Unemployed,Bachelor,8963,24,745,0.024,0,0,1,1,0
281,41,38823.0,0.0,563.0,Full-time,High School,7246,24,4449,0.115,0,0,4,1,1
282,47,33649.0,,653.0,Full-time,Bachelor,16999,36,2893,0.086,0,0,4,1,0
283,59,51743.0,11.0,434.0,Full-time,PhD,18949,36,1877,0.036,0,0,2,0,0
284,25,58591.0,3.0,737.0,Full-time,Other,16063,12,1029,0.018,0,0,1,1,0
285,65,24514.0,5.0,493.0,Full-time,Bachelor,41015,48,1906,0.078,0,0,3,2,0
286,16,18664.0,8.0,800.0,Unemployed,Bachelor,40701,12,1694,0.091,1,0,1,4,0
287,38,14499.0,10.0,616.0,Self-employed,PhD,18631,12,15285,1.054,0,0,1,0,1
288,47,46816.0,5.0,628.0,Full-time,Bachelor,8982,24,8078,0.173,0,0,2,0,0
289,43,20916.0,4.0,587.0,Full-time,High School,16591,12,1494,0.071,0,1,2,1,0
290,32,12376.0,12.0,621.0,Full-time,Bachelor,16319,12,3516,0.284,0,0,2,0,0
291,37,44103.0,13.0,791.0,Full-time,High School,15858,60,7663,0.174,0,0,1,1,0
292,34,126310.0,10.0,401.0,Full-time,Bachelor,15539,36,1493,0.012,1,0,1,1,0
293,32,36205.0,7.0,777.0,Full-time,Bachelor,15887,36,722,0.02,0,0,1,0,0
294,50,55229.0,3.0,683.0,Unemployed,Bachelor,18155,48,494,0.009,0,0,5,1,0
295,44,37832.0,3.0,529.0,Full-time,Bachelor,16030,36,10638,0.281,0,0,3,1,1
296,31,34563.0,9.0,542.0,Full-time,High School,24444,48,2462,0.071,1,0,2,5,0
297,50,57499.0,8.0,817.0,Part-time,Bachelor,26375,60,3989,0.069,0,0,2,2,0
298,43,31409.0,12.0,555.0,Full-time,Master,13970,36,1678,0.053,0,0,1,2,0
299,49,41510.0,9.0,534.0,Full-time,Bachelor,41586,60,838,0.02,0,0,0,0,0
300,47,42652.0,0.0,763.0,Full-time,Bachelor,13493,36,1011,0.024,0,0,4,0,1
301,30,26002.0,11.0,683.0,Full-time,PhD,9809,36,779,0.03,0,0,1,0,0
302,33,59636.0,3.0,556.0,Part-time,PhD,26645,60,6974,0.117,0,0,2,1,0
303,48,33273.0,5.0,671.0,Full-time,High School,14636,12,13260,0.399,0,0,3,0,1
304,47,24887.0,8.0,547.0,Part-time,High School,25864,12,3094,0.124,1,0,1,1,1
305,39,47489.0,14.0,760.0,Full-time,Master,6622,12,653,0.014,0,0,1,0,0
306,41,23173.0,19.0,756.0,Full-time,Master,44188,12,4898,0.211,0,0,0,2,0
307,55,36830.0,9.0,703.0,Part-time,Other,30827,36,10561,0.287,0,0,2,2,0
308,32,36150.0,6.0,686.0,Full-time,Master,10402,24,7876,0.218,0,0,1,1,0
309,46,62501.0,9.0,826.0,Full-time,Bachelor,10515,60,2895,0.046,1,0,2,3,0
310,37,46043.0,10.0,649.0,Full-time,Bachelor,50824,24,2357,0.051,0,0,4,1,0
311,37,35863.0,5.0,,Full-time,High School,15234,24,2872,0.08,1,1,3,0,1
312,53,54659.0,14.0,694.0,Full-time,High School,14514,48,10150,0.186,1,0,1,1,0
313,49,72773.0,7.0,850.0,Full-time,Bachelor,7093,12,6376,0.088,0,0,3,0,0
314,49,47997.0,8.0,548.0,Full-time,Bachelor,18483,36,2026,0.042,0,0,1,2,0
315,55,,9.0,613.0,Full-time,Bachelor,19656,12,1976,0.054,1,1,0,1,0
316,40,18846.0,8.0,691.0,Unemployed,Master,31500,12,1841,0.098,0,0,3,1,0
317,48,21320.0,10.0,644.0,Full-time,High School,10943,24,1027,0.048,1,0,2,3,0
318,36,31175.0,4.0,551.0,Self-employed,Bachelor,10299,48,11519,0.369,0,0,4,4,1
319,43,26775.0,4.0,762.0,Full-time,High School,27597,12,1355,0.051,0,0,1,2,1
320,38,33074.0,2.0,850.0,Full-time,Bachelor,36437,60,4867,0.147,0,0,3,1,0
321,41,37358.0,8.0,669.0,Self-employed,Master,10040,60,1538,0.041,0,0,2,0,0
322,47,47327.0,10.0,559.0,Full-time,Bachelor,37826,12,1849,0.039,0,0,0,2,0
323,30,35057.0,8.0,495.0,Part-time,Other,22443,24,2660,0.076,1,0,1,2,0
324,65,46316.0,13.0,675.0,Full-time,High School,38021,24,5142,0.111,0,0,2,1,0
325,27,37505.0,6.0,760.0,Full-time,Bachelor,21266,36,2300,0.061,1,0,4,2,1
326,25,13524.0,9.0,697.0,Full-time,Bachelor,6240,48,954,0.071,0,0,0,0,0
327,53,22704.0,2.0,649.0,Full-time,Bachelor,20414,24,3038,0.134,0,0,0,4,1
328,49,,5.0,591.0,Self-employed,Master,37424,36,1384,0.041,0,0,2,2,0
329,47,19833.0,9.0,540.0,Full-time,Bachelor,14088,60,13958,0.704,1,0,3,2,0
330,47,49019.0,10.0,733.0,Unemployed,Master,18142,60,2298,0.047,0,0,2,4,0
331,39,78071.0,5.0,741.0,Unemployed,High School,20169,60,1528,0.02,0,0,1,2,0
332,29,66794.0,6.0,495.0,Full-time,Master,5168,12,21478,0.322,0,0,3,4,1
333,40,32639.0,0.0,,Full-time,High School,50801,48,6240,0.191,0,0,1,1,1
334,31,76524.0,5.0,707.0,Self-employed,Master,14035,36,1215,0.016,0,0,1,3,0
335,51,39117.0,10.0,789.0,Unemployed,Bachelor,28363,48,1351,0.035,0,0,5,1,0
336,38,30682.0,9.0,,Full-time,Bachelor,21092,12,4789,0.156,1,0,1,1,0
337,30,26723.0,9.0,513.0,Full-time,Bachelor,41307,36,3113,0.116,0,0,1,0,0
338,36,31218.0,,635.0,Full-time,PhD,26984,36,7260,0.233,0,0,1,0,0
339,44,29908.0,7.0,700.0,Full-time,High School,19585,24,1536,0.051,1,0,2,0,0
340,33,39545.0,4.0,829.0,Full-time,Bachelor,14090,48,6009,0.152,0,0,2,2,0
341,30,39351.0,9.0,720.0,Part-time,Master,32824,48,317,0.008,2,0,2,0,1
342,42,36370.0,,,Full-time,Bachelor,8632,24,2554,0.07,0,0,1,2,0
343,42,45182.0,8.0,547.0,Full-time,High School,30422,60,1608,0.036,0,0,1,2,1
344,33,65862.0,4.0,773.0,Full-time,Bachelor,12714,12,1891,0.029,1,0,3,2,0
345,34,58382.0,,553.0,Full-time,Bachelor,41197,48,2689,0.046,1,0,1,3,0
346,42,17284.0,11.0,812.0,Full-time,PhD,23876,24,9306,0.538,0,0,0,2,0
347,22,10127.0,,621.0,Full-time,Master,30395,36,940,0.093,0,0,1,3,1
348,23,,3.0,809.0,Full-time,Bachelor,22948,24,334,0.006,0,2,4,1,1
349,31,18334.0,9.0,717.0,Full-time,Other,9171,60,1055,0.058,0,1,1,1,0
350,37,32455.0,5.0,,Full-time,Bachelor,14323,12,8286,0.255,0,0,1,3,0
351,43,20230.0,11.0,598.0,Unemployed,High School,30828,60,575,0.028,1,0,0,3,0
352,57,14750.0,9.0,615.0,Full-time,High School,23940,36,1682,0.114,0,0,3,1,0
353,50,47606.0,,692.0,Full-time,Bachelor,39755,36,6902,0.145,0,0,3,0,0
354,38,53081.0,1.0,657.0,Full-time,High School,26947,36,2811,0.053,0,0,2,1,0
355,39,27221.0,11.0,590.0,Unemployed,PhD,13584,36,9216,0.339,0,0,0,3,0
356,27,9941.0,8.0,633.0,Full-time,Master,14793,24,389,0.039,0,0,0,0,0
357,39,27636.0,5.0,657.0,Full-time,High School,23189,36,2161,0.078,1,0,2,0,0
358,36,44174.0,7.0,437.0,Part-time,Bachelor,6925,36,11352,0.257,0,0,2,2,0
359,43,17336.0,0.0,695.0,Full-time,Master,50854,24,965,0.056,0,0,0,3,1
360,30,39802.0,8.0,552.0,Full-time,PhD,27470,36,8390,0.211,0,0,3,2,0
361,46,36038.0,2.0,534.0,Full-time,Master,40681,60,2355,0.065,0,0,2,0,1
362,58,48515.0,1.0,481.0,Full-time,Bachelor,9993,60,4601,0.095,2,0,1,2,0
363,38,38553.0,0.0,470.0,Full-time,Master,41039,48,10558,0.274,0,0,2,3,1
364,44,22325.0,11.0,514.0,Part-time,Bachelor,67221,60,4581,0.205,1,0,2,1,0
365,48,66057.0,,579.0,Full-time,Bachelor,11379,12,1650,0.025,0,0,3,2,1
366,35,33548.0,13.0,,Part-time,High School,32393,12,5229,0.156,0,0,2,2,0
367,42,35823.0,4.0,597.0,Full-time,High School,22038,12,1537,0.043,0,0,2,0,1
368,40,22773.0,0.0,667.0,Part-time,Bachelor,10175,24,3918,0.172,1,0,2,1,0
369,41,29096.0,2.0,690.0,Full-time,High School,28182,60,852,0.029,0,0,2,2,0
370,30,23332.0,11.0,663.0,Full-time,High School,33416,12,3068,0.131,0,0,0,0,0
371,40,33307.0,6.0,642.0,Full-time,Master,16308,48,9791,0.294,1,0,1,2,1
372,45,85464.0,4.0,530.0,Unemployed,High School,39456,24,2211,0.026,0,0,3,2,0
373,57,18288.0,7.0,795.0,Full-time,Bachelor,9572,48,8898,0.487,0,0,4,1,0
374,51,16207.0,9.0,830.0,Full-time,Bachelor,10431,60,65737,4.056,0,0,1,1,1
375,65,75779.0,,481.0,Full-time,Other,23583,36,2895,0.038,0,0,3,3,0
376,30,32706.0,12.0,547.0,Full-time,Bachelor,22307,48,5509,0.168,0,0,4,0,0
377,50,25989.0,5.0,622.0,Full-time,High School,15393,36,4802,0.185,0,0,2,1,0
378,42,61080.0,1.0,553.0,Full-time,Bachelor,33017,24,3733,0.061,0,0,1,1,0
379,66,26827.0,5.0,700.0,Full-time,Master,28722,48,6554,0.244,1,0,1,1,0
380,30,90490.0,8.0,577.0,Full-time,Other,33828,48,2325,0.026,0,0,5,1,0
381,29,50968.0,3.0,850.0,Full-time,Bachelor,20711,24,1536,0.03,0,0,2,1,0
382,32,28454.0,3.0,769.0,Full-time,Bachelor,29771,24,647,0.023,0,0,1,2,1
383,14,106793.0,8.0,671.0,Part-time,PhD,17626,12,2115,0.02,0,1,0,2,0
384,33,26826.0,6.0,752.0,Full-time,High School,61507,60,7342,0.274,2,0,1,4,1
385,30,52630.0,7.0,760.0,Full-time,Bachelor,14672,48,1164,0.022,0,0,1,2,0
386,41,42177.0,3.0,593.0,Full-time,Bachelor,63110,48,3814,0.09,0,0,2,2,0
387,44,69624.0,6.0,568.0,Unemployed,High School,22414,24,2635,0.038,0,1,2,1,0
388,62,79281.0,3.0,657.0,Unemployed,Bachelor,11072,24,1602,0.02,0,0,0,3,0
389,51,36901.0,,736.0,Part-time,High School,43653,60,467,0.013,0,0,0,0,0
390,33,24916.0,11.0,663.0,Full-time,Bachelor,23457,24,11647,0.467,1,0,7,0,0
391,29,45706.0,0.0,492.0,Full-time,PhD,33710,36,4999,0.109,0,0,0,1,0
392,45,25877.0,3.0,569.0,Full-time,High School,40616,36,42842,1.656,1,0,4,3,1
393,24,99378.0,1.0,642.0,Full-time,Master,26081,36,8772,0.088,0,0,1,1,0
394,61,38881.0,4.0,642.0,Full-time,High School,16381,36,11390,0.293,0,0,3,1,0
395,54,30252.0,6.0,847.0,Part-time,Bachelor,35877,60,518,0.017,0,0,1,0,0
396,34,39828.0,1.0,511.0,Self-employed,High School,22034,48,509,0.013,3,1,3,2,1
397,19,18516.0,3.0,700.0,Part-time,PhD,31036,36,3109,0.168,0,0,1,1,0
398,56,22341.0,2.0,798.0,Full-time,Master,7503,24,945,0.042,2,0,3,1,0
399,38,66184.0,7.0,850.0,Full-time,Bachelor,27542,36,1508,0.023,0,0,0,1,0
400,54,26148.0,7.0,609.0,Full-time,Master,16005,60,37281,1.426,0,0,2,3,0
401,20,21515.0,4.0,699.0,Full-time,Bachelor,50345,24,9797,0.455,0,0,2,3,1
402,32,47492.0,7.0,706.0,Part-time,Other,30077,36,1169,0.025,0,0,1,1,0
403,40,65699.0,4.0,669.0,Full-time,Master,24833,48,279,0.004,2,0,3,2,0
404,40,52024.0,5.0,640.0,Full-time,PhD,28089,24,1074,0.021,0,0,2,3,1
405,34,59755.0,13.0,693.0,Full-time,Bachelor,13370,24,1707,0.029,1,0,0,3,0
406,47,24874.0,12.0,396.0,Full-time,High School,49594,48,2161,0.087,0,0,3,1,0
407,27,17838.0,1.0,718.0,Part-time,Bachelor,59616,24,829,0.046,1,0,1,1,0
408,38,76931.0,10.0,662.0,Full-time,High School,26808,36,9226,0.12,1,0,4,4,0
409,41,30904.0,10.0,627.0,Part-time,Bachelor,48786,24,1463,0.047,0,0,1,4,0
410,46,32034.0,2.0,850.0,Full-time,Bachelor,16571,36,5702,0.178,1,0,1,2,0
411,48,70551.0,10.0,582.0,Full-time,Bachelor,14786,48,3146,0.045,0,0,3,1,0
412,26,47959.0,13.0,609.0,Part-time,High School,22481,12,7619,0.159,0,0,2,4,0
413,21,45612.0,2.0,849.0,Full-time,High School,27377,48,2349,0.051,0,0,2,1,1
414,55,107205.0,3.0,566.0,Unemployed,Bachelor,18088,36,1182,0.011,0,0,1,2,1
415,43,26324.0,11.0,594.0,Full-time,Other,28821,60,1638,0.062,0,0,3,2,0
416,31,57752.0,8.0,635.0,Full-time,Bachelor,25672,48,1661,0.029,1,0,1,1,0
417,58,37365.0,9.0,734.0,Full-time,Bachelor,13371,60,23495,0.629,2,0,1,2,0
418,41,41535.0,8.0,670.0,Self-employed,Master,28549,60,3217,0.077,0,0,3,2,0
419,54,77982.0,8.0,520.0,Full-time,Bachelor,33920,36,2994,0.038,0,1,4,2,1
420,40,46813.0,1.0,596.0,Part-time,High School,23998,36,7201,0.154,1,0,2,1,0
421,64,47531.0,11.0,,Full-time,Bachelor,39195,12,2980,0.063,0,0,1,1,0
422,61,62084.0,11.0,642.0,Full-time,High School,11983,24,9151,0.147,0,1,1,0,0
423,37,30258.0,,692.0,Full-time,Other,27832,48,2054,0.068,0,0,2,2,0
424,51,23870.0,6.0,691.0,Full-time,High School,12269,36,1856,0.078,1,0,2,3,0
425,47,21538.0,0.0,472.0,Full-time,Bachelor,12619,48,1118,0.052,0,1,0,4,1
426,56,13586.0,9.0,756.0,Self-employed,High School,16067,60,18959,1.395,0,1,1,0,0
427,28,101529.0,9.0,675.0,Full-time,High School,13752,24,2779,0.027,1,0,1,1,0
428,48,20918.0,6.0,788.0,Full-time,Master,16747,12,921,0.044,0,1,1,1,0
429,52,32512.0,11.0,694.0,Full-time,High School,19789,48,3629,0.112,0,0,1,1,0
430,18,31621.0,5.0,760.0,Full-time,High School,33475,24,1556,0.049,0,0,2,1,0
431,25,42349.0,9.0,696.0,Full-time,Bachelor,18758,12,2019,0.048,1,0,2,2,0
432,15,54604.0,2.0,784.0,Full-time,High School,9968,48,4067,0.074,1,1,1,3,0
433,36,55839.0,6.0,702.0,Full-time,High School,38949,24,13643,0.244,1,0,2,5,0
434,48,27131.0,6.0,640.0,Full-time,Master,14493,36,3299,0.122,1,1,2,4,0
435,58,33404.0,,850.0,Full-time,Master,21389,48,1464,0.044,0,0,1,3,0
436,40,41826.0,,738.0,Full-time,PhD,27536,24,1799,0.043,0,0,1,2,0
437,59,32069.0,6.0,707.0,Full-time,Master,24338,12,5747,0.179,0,0,3,1,0
438,23,81119.0,10.0,522.0,Full-time,Bachelor,38066,24,420,0.005,0,0,3,1,0
439,19,46420.0,5.0,521.0,Full-time,High School,27987,36,1050,0.023,1,0,3,1,0
440,39,52440.0,0.0,679.0,Self-employed,Master,14319,48,3687,0.07,1,0,1,2,1
441,44,50586.0,13.0,664.0,Self-employed,Master,65465,48,540,0.011,0,0,4,0,0
442,39,65299.0,12.0,588.0,Part-time,Master,24274,48,2180,0.033,1,0,3,2,0
443,15,,1.0,664.0,Full-time,Bachelor,20462,36,1847,0.046,0,0,4,2,1
444,38,18988.0,9.0,808.0,Part-time,High School,35666,12,7168,0.378,1,0,1,2,0
445,24,44348.0,4.0,719.0,Part-time,Master,24952,48,2320,0.052,0,0,0,0,1
446,48,26221.0,8.0,535.0,Part-time,Master,26892,12,9766,0.372,1,0,4,0,1
447,44,27880.0,8.0,638.0,Full-time,Other,76580,24,3225,0.116,1,0,1,2,1
448,28,48687.0,6.0,569.0,Full-time,High School,19195,12,17614,0.362,0,0,1,0,0
449,33,67449.0,3.0,611.0,Part-time,High School,18790,12,744,0.011,0,0,4,0,0
450,27,36703.0,4.0,608.0,Full-time,High School,23348,48,15019,0.409,0,0,3,1,1
451,39,42379.0,3.0,602.0,Full-time,Master,37637,60,1976,0.047,0,0,1,1,0
452,51,85059.0,3.0,524.0,Full-time,High School,10370,60,13016,0.153,1,0,0,0,0
453,28,40961.0,6.0,637.0,Full-time,High School,8243,36,9752,0.238,0,0,3,0,0
454,46,133364.0,4.0,593.0,Full-time,Other,16423,36,172,0.001,0,0,2,3,1
455,33,48182.0,9.0,357.0,Full-time,High School,9730,60,4813,0.1,0,0,1,0,1
456,30,15057.0,12.0,850.0,Full-time,Master,17811,24,8083,0.537,0,0,1,2,0
457,38,52927.0,4.0,758.0,Full-time,Bachelor,28317,48,11255,0.213,0,0,2,1,0
458,27,43939.0,7.0,612.0,Full-time,Master,14109,48,919,0.021,0,0,1,0,0
459,33,69208.0,8.0,651.0,Full-time,Bachelor,10792,24,5379,0.078,0,0,2,3,0
460,25,50847.0,8.0,532.0,Full-time,PhD,22803,24,3623,0.071,0,0,1,2,0
461,63,33886.0,7.0,819.0,Full-time,PhD,33903,60,4588,0.135,0,0,3,3,0
462,40,19689.0,9.0,839.0,Part-time,High School,9438,36,8094,0.411,0,0,4,3,0
463,31,32711.0,8.0,,Full-time,High School,33193,24,9477,0.29,0,0,6,2,0
464,42,23735.0,2.0,752.0,Full-time,High School,33145,36,1547,0.065,0,0,2,1,1
465,38,27166.0,10.0,667.0,Full-time,Bachelor,35491,12,3887,0.143,2,0,2,3,0
466,37,48741.0,10.0,516.0,Self-employed,Master,40507,48,3106,0.064,0,0,2,2,0
467,47,83696.0,3.0,,Full-time,Bachelor,66237,60,2346,0.028,1,1,3,2,0
468,49,44237.0,7.0,663.0,Full-time,Bachelor,18434,48,2581,0.058,0,0,3,1,0
469,33,19971.0,9.0,604.0,Full-time,High School,23266,60,3626,0.182,0,0,2,3,0
470,33,,6.0,628.0,Full-time,Master,17886,12,1632,0.036,1,0,3,0,1
471,36,66059.0,11.0,640.0,Self-employed,Other,22048,48,7208,0.109,1,0,3,1,0
472,12,26771.0,16.0,641.0,Part-time,High School,47402,12,10607,0.396,0,0,3,1,0
473,21,33961.0,3.0,655.0,Full-time,Bachelor,11242,60,1312,0.039,1,0,0,0,0
474,56,36583.0,,543.0,Full-time,High School,14320,24,11140,0.305,0,0,3,1,0
475,59,24527.0,8.0,578.0,Full-time,Bachelor,43852,48,1314,0.054,0,0,2,1,0
476,37,50218.0,9.0,521.0,Full-time,Bachelor,36681,12,7315,0.146,0,0,1,3,1
477,46,34184.0,6.0,747.0,Full-time,High School,18369,48,11119,0.325,0,0,4,1,0
478,43,44791.0,12.0,439.0,Full-time,Bachelor,33765,48,2712,0.061,0,0,3,2,1
479,76,23301.0,1.0,765.0,Full-time,Bachelor,26123,48,1325,0.057,0,0,2,2,1
480,53,29180.0,9.0,788.0,Full-time,Bachelor,46636,36,1654,0.057,0,0,1,1,0
481,38,52114.0,4.0,619.0,Self-employed,Bachelor,22862,12,4280,0.082,0,0,4,2,0
482,28,30139.0,13.0,389.0,Full-time,High School,36783,12,21261,0.705,0,0,1,1,0
483,20,86118.0,14.0,613.0,Part-time,Master,82537,48,548,0.006,0,1,1,0,0
484,42,29738.0,3.0,643.0,Part-time,Master,29704,24,3295,0.111,0,1,1,0,0
485,30,40633.0,4.0,548.0,Full-time,Bachelor,22576,48,2729,0.067,0,0,1,3,1
486,22,57889.0,10.0,598.0,Part-time,High School,31609,36,1888,0.033,0,0,2,2,0
487,32,17868.0,5.0,803.0,Full-time,Master,18349,60,2749,0.154,0,0,1,1,0
488,27,15056.0,6.0,716.0,Full-time,Other,72691,36,1733,0.115,0,0,2,4,0
489,60,16935.0,7.0,557.0,Full-time,High School,24101,24,10333,0.61,0,0,6,0,0
490,50,68274.0,0.0,490.0,Unemployed,Bachelor,19216,48,11412,0.167,0,0,2,2,0
491,39,27558.0,6.0,617.0,Full-time,High School,14503,12,3255,0.118,2,0,3,2,1
492,57,,4.0,628.0,Full-time,Bachelor,38124,48,2588,0.02,1,0,3,2,1
493,40,27388.0,,699.0,Self-employed,High School,33982,24,1820,0.066,0,0,2,2,0
494,29,39826.0,12.0,596.0,Full-time,Bachelor,17176,12,3262,0.082,1,0,3,0,0
495,58,78515.0,1.0,701.0,Full-time,Bachelor,29384,36,18917,0.241,0,0,5,0,0
496,46,99016.0,10.0,843.0,Part-time,Bachelor,10360,60,2687,0.027,0,1,1,0,0
497,27,101798.0,5.0,731.0,Part-time,Bachelor,24160,60,1287,0.013,0,0,2,1,0
498,37,66448.0,5.0,645.0,Unemployed,Bachelor,27622,48,2002,0.03,0,0,6,2,0
499,29,60598.0,10.0,631.0,Unemployed,Bachelor,51723,36,6332,0.104,0,0,4,0,0
500,23,48837.0,,614.0,Full-time,High School,14981,24,1454,0.03,0,0,0,0,0
501,51,53593.0,9.0,768.0,Part-time,High School,11623,60,2882,0.054,0,1,2,1,0
502,62,,10.0,587.0,Full-time,Master,14076,36,4783,0.174,1,0,1,1,0
503,23,24122.0,5.0,654.0,Full-time,High School,11290,48,1568,0.065,1,0,0,2,0
504,46,36254.0,4.0,655.0,Full-time,Master,42973,12,510,0.014,1,0,4,0,0
505,32,33353.0,2.0,599.0,Full-time,PhD,47777,48,1021,0.031,0,1,3,1,0
506,34,28951.0,3.0,512.0,Unemployed,High School,25851,48,1262,0.044,0,0,2,0,0
507,32,51441.0,18.0,682.0,Self-employed,Bachelor,40564,36,2371,0.046,0,0,2,1,0
508,29,58550.0,11.0,643.0,Full-time,Bachelor,23552,60,3115,0.053,1,0,0,1,0
509,40,37956.0,1.0,700.0,Full-time,Master,21003,36,6793,0.179,0,0,3,2,0
510,30,76021.0,1.0,596.0,Full-time,PhD,18647,12,873,0.011,0,0,2,1,0
511,43,20520.0,8.0,772.0,Part-time,Master,18860,36,5873,0.286,1,0,4,2,0
512,39,32963.0,9.0,562.0,Part-time,High School,10158,24,2057,0.062,0,0,4,1,0
513,37,25376.0,9.0,821.0,Full-time,Bachelor,25137,48,499,0.02,0,0,1,2,1
514,29,14281.0,5.0,475.0,Full-time,Bachelor,21586,60,3021,0.212,1,0,0,1,0
515,33,,,693.0,Full-time,Bachelor,31974,12,11117,0.319,0,1,3,2,1
516,49,34170.0,8.0,697.0,Full-time,High School,23080,48,7209,0.211,0,0,3,2,0
517,46,77398.0,7.0,570.0,Self-employed,High School,20305,36,2762,0.036,0,0,1,1,0
518,28,49781.0,0.0,692.0,Full-time,Master,14248,24,9189,0.185,1,1,0,0,0
519,41,21761.0,6.0,777.0,Full-time,Bachelor,22835,36,3612,0.166,0,0,0,0,0
520,49,,3.0,428.0,Full-time,Bachelor,31860,48,7952,0.087,2,0,3,2,1
521,19,66870.0,7.0,700.0,Full-time,Bachelor,12435,12,565,0.008,0,0,2,2,0
522,46,48583.0,,400.0,Unemployed,Master,23011,60,854,0.018,1,0,1,1,0
523,32,32427.0,8.0,553.0,Full-time,Master,24748,48,6179,0.191,2,1,3,1,0
524,46,22477.0,5.0,812.0,Full-time,High School,15382,12,13894,0.618,1,0,2,0,1
525,30,30148.0,10.0,591.0,Full-time,High School,16416,48,4524,0.15,0,0,1,1,0
526,18,62590.0,8.0,532.0,Full-time,High School,24718,24,1812,0.029,0,0,2,2,0
527,20,93180.0,8.0,630.0,Full-time,PhD,12497,36,1273,0.014,1,0,2,0,1
528,40,78560.0,9.0,850.0,Part-time,Bachelor,26237,60,2174,0.028,0,0,2,1,0
529,43,28440.0,15.0,466.0,Full-time,Bachelor,14077,12,10033,0.353,1,0,1,2,0
530,29,,2.0,544.0,Full-time,Bachelor,37474,60,2116,0.102,0,0,2,2,0
531,47,38965.0,8.0,799.0,Full-time,Bachelor,70892,60,8499,0.218,1,0,3,4,0
532,20,14999.0,3.0,,Full-time,Master,14322,60,5724,0.382,2,0,4,1,0
533,39,42684.0,9.0,639.0,Full-time,Bachelor,28770,12,16546,0.388,0,0,1,1,0
534,25,33731.0,3.0,526.0,Full-time,High School,15315,12,3641,0.108,0,0,1,0,0
535,32,28766.0,5.0,850.0,Self-employed,High School,37066,60,2836,0.099,0,0,3,2,0
536,40,16360.0,5.0,809.0,Self-employed,Bachelor,11700,36,8934,0.546,0,1,1,1,0
537,29,46948.0,10.0,717.0,Full-time,PhD,28009,48,1169,0.025,1,1,2,1,0
538,35,27823.0,,568.0,Full-time,Bachelor,14235,60,1912,0.069,0,0,6,0,1
539,52,20232.0,2.0,645.0,Full-time,Master,19860,24,555,0.027,0,0,2,1,1
540,33,,7.0,633.0,Full-time,Master,13154,60,850,0.098,0,0,3,0,0
541,50,35819.0,4.0,683.0,Part-time,High School,33228,12,20401,0.57,0,0,1,1,0
542,26,88091.0,1.0,795.0,Full-time,High School,14494,48,5956,0.068,0,0,3,0,0
543,46,,6.0,737.0,Full-time,High School,29027,24,756,0.009,0,0,0,2,0
544,57,28895.0,,542.0,Part-time,Master,18544,48,9846,0.341,0,0,4,0,1
545,10,26873.0,16.0,787.0,Self-employed,High School,20801,48,1474,0.055,1,0,1,3,0
546,30,45907.0,8.0,681.0,Full-time,Bachelor,23715,24,5658,0.123,0,0,1,3,1
547,46,22044.0,1.0,718.0,Full-time,Bachelor,15049,60,5574,0.253,0,0,2,1,0
548,37,42230.0,4.0,796.0,Full-time,Master,24469,60,15756,0.373,0,0,5,0,1
549,44,53265.0,11.0,538.0,Full-time,High School,47342,60,1741,0.033,0,0,0,1,0
550,32,67068.0,15.0,646.0,Self-employed,Bachelor,14927,36,1421,0.021,0,0,0,0,0
551,41,34541.0,0.0,596.0,Part-time,Bachelor,39573,60,202,0.006,0,0,4,2,1
552,38,32799.0,0.0,493.0,Part-time,Bachelor,46585,24,2639,0.08,1,0,3,1,0
553,54,23412.0,14.0,684.0,Full-time,Master,14645,36,6156,0.263,1,0,0,0,0
554,43,24018.0,8.0,850.0,Part-time,High School,10641,60,7058,0.294,0,0,2,1,0
555,44,32427.0,3.0,465.0,Full-time,Master,25616,36,10429,0.322,1,1,2,1,0
556,35,43637.0,9.0,646.0,Full-time,Bachelor,16752,24,3983,0.091,0,0,0,3,0
557,34,57342.0,0.0,714.0,Full-time,Bachelor,56066,60,4938,0.086,0,1,2,3,0
558,34,24304.0,7.0,662.0,Full-time,Bachelor,22413,12,3191,0.131,0,0,2,0,0
559,44,,8.0,638.0,Part-time,Bachelor,14748,24,6047,0.079,0,0,4,0,0
560,34,31711.0,10.0,520.0,Full-time,High School,12412,48,1171,0.037,0,0,1,0,0
561,43,35929.0,2.0,673.0,Full-time,Bachelor,37985,48,728,0.02,0,0,3,2,0
562,64,24994.0,7.0,574.0,Full-time,Bachelor,16554,24,1301,0.052,0,0,3,1,0
563,50,10806.0,3.0,431.0,Full-time,Bachelor,22514,48,3690,0.341,0,1,1,0,1
564,36,56501.0,,769.0,Full-time,Bachelor,35521,24,812,0.014,0,0,3,2,0
565,54,52492.0,3.0,745.0,Full-time,PhD,17289,12,1582,0.03,0,0,1,3,0
566,35,31550.0,5.0,655.0,Part-time,Bachelor,21526,24,1633,0.052,0,1,6,1,1
567,15,37552.0,3.0,672.0,Full-time,High School,21844,60,6514,0.173,0,0,1,1,0
568,27,47003.0,9.0,757.0,Full-time,Bachelor,30997,60,5768,0.123,0,0,3,1,1
569,17,16626.0,10.0,672.0,Full-time,Master,29595,36,3198,0.192,0,0,2,0,0
570,35,27874.0,6.0,740.0,Part-time,Master,19730,48,4680,0.168,0,0,2,2,0
571,40,54021.0,,620.0,Full-time,Bachelor,22738,48,4773,0.088,0,0,2,3,0
572,60,19396.0,1.0,781.0,Full-time,Master,18290,24,2072,0.107,0,0,3,2,0
573,43,42056.0,5.0,682.0,Full-time,High School,10521,48,1732,0.041,0,0,1,2,0
574,37,,6.0,669.0,Full-time,Bachelor,25054,60,13858,0.752,0,0,1,3,1
575,49,45853.0,17.0,,Full-time,Master,56732,12,247,0.005,0,0,1,0,0
576,13,35674.0,2.0,678.0,Part-time,Master,14159,24,1420,0.04,0,0,0,1,0
577,42,16194.0,12.0,566.0,Full-time,Bachelor,14965,48,2431,0.15,0,0,3,4,0
578,49,65014.0,10.0,586.0,Full-time,Master,14251,60,5218,0.08,0,0,2,1,0
579,22,25152.0,8.0,568.0,Part-time,High School,31643,36,9278,0.369,0,0,6,2,0
580,53,24218.0,14.0,543.0,Full-time,Master,27563,48,19086,0.788,1,0,0,2,0
581,44,40146.0,8.0,850.0,Full-time,Bachelor,20347,12,2719,0.068,1,1,1,1,0
582,35,,8.0,783.0,Full-time,High School,13918,12,2908,0.045,0,1,0,1,0
583,47,21852.0,6.0,842.0,Full-time,High School,23067,48,4283,0.196,0,0,2,1,0
584,67,37452.0,11.0,527.0,Full-time,Bachelor,10073,48,1752,0.047,0,1,1,0,0
585,42,44999.0,11.0,657.0,Full-time,High School,23664,60,912,0.02,0,0,1,1,0
586,42,51356.0,4.0,520.0,Self-employed,Bachelor,34056,48,2707,0.053,0,0,3,1,0
587,34,39664.0,1.0,580.0,Unemployed,High School,11782,36,6281,0.158,0,0,2,2,0
588,29,30226.0,6.0,558.0,Full-time,High School,10236,60,2338,0.077,1,0,1,1,0
589,49,24009.0,3.0,773.0,Full-time,Bachelor,48519,24,4507,0.188,0,0,1,3,0
590,29,37913.0,6.0,,Full-time,Bachelor,16221,36,459,0.012,0,0,3,3,0
591,40,21246.0,11.0,756.0,Part-time,Bachelor,38869,60,3036,0.143,1,0,1,2,0
592,34,8428.0,5.0,710.0,Full-time,Master,20394,60,1991,0.236,1,0,1,0,0
593,45,45174.0,,850.0,Full-time,Master,20313,12,832,0.018,0,0,1,1,0
594,44,57066.0,7.0,502.0,Part-time,Master,27424,60,5751,0.101,0,0,2,0,0
595,52,11142.0,10.0,775.0,Part-time,Bachelor,14157,36,18875,1.694,0,0,2,1,0
596,33,21919.0,0.0,764.0,Part-time,Master,23535,48,8022,0.366,2,0,1,4,1
597,36,49492.0,4.0,552.0,Full-time,High School,18201,36,8550,0.173,0,0,2,1,0
598,28,,7.0,750.0,Part-time,High School,11381,24,6078,0.06,0,0,1,0,0
599,34,36695.0,11.0,683.0,Self-employed,Bachelor,26075,60,5689,0.155,1,1,1,2,1
600,44,25235.0,5.0,627.0,Full-time,Master,19309,60,493,0.02,0,0,5,1,0
601,49,33141.0,0.0,567.0,Full-time,High School,20363,60,2622,0.079,0,0,2,0,0
602,28,,9.0,578.0,Full-time,High School,12027,60,4957,0.069,0,0,3,1,0
603,50,26291.0,,850.0,Unemployed,High School,48810,12,5071,0.193,1,0,0,3,0
604,56,24352.0,,650.0,Full-time,Master,34144,12,10632,0.437,0,0,2,2,0
605,44,28527.0,4.0,728.0,Full-time,Bachelor,35670,48,1061,0.037,0,0,2,2,0
606,62,22546.0,6.0,570.0,Full-time,High School,18906,60,5471,0.243,0,0,2,1,1
607,30,38612.0,4.0,572.0,Part-time,Bachelor,9278,24,1027,0.027,0,0,3,2,0
608,25,,,,Full-time,Bachelor,58481,48,2412,0.029,0,0,2,3,1
609,18,42682.0,10.0,515.0,Full-time,Bachelor,21363,60,2801,0.066,0,0,0,1,0
610,57,32010.0,12.0,608.0,Full-time,High School,15147,12,7062,0.221,1,0,1,2,0
611,47,31385.0,9.0,653.0,Self-employed,Master,27130,24,6278,0.2,0,0,2,0,0
612,39,16620.0,2.0,661.0,Full-time,Bachelor,39480,48,3362,0.202,0,0,1,0,0
613,43,56475.0,6.0,632.0,Full-time,Bachelor,21774,24,346,0.006,0,0,2,0,0
614,26,34929.0,6.0,689.0,Part-time,High School,41743,60,4650,0.133,0,0,2,0,0
615,69,33181.0,9.0,719.0,Full-time,Bachelor,37854,36,2280,0.069,1,0,3,0,0
616,41,179253.0,9.0,723.0,Self-employed,Bachelor,12859,24,11989,0.067,0,0,4,1,0
617,41,42166.0,4.0,551.0,Full-time,Bachelor,15726,24,9447,0.224,0,0,1,2,0
618,48,24936.0,7.0,621.0,Full-time,High School,35552,12,1166,0.047,0,0,2,2,0
619,45,29343.0,8.0,769.0,Full-time,Master,5674,60,5335,0.182,0,0,2,0,0
620,42,64487.0,12.0,739.0,Full-time,High School,20440,24,5442,0.084,0,0,2,0,0
621,30,38431.0,9.0,512.0,Full-time,Bachelor,10770,60,5060,0.132,0,0,5,1,0
622,45,17691.0,10.0,685.0,Full-time,Master,17356,12,4445,0.251,0,0,3,1,0
623,62,57504.0,7.0,,Part-time,Bachelor,18969,60,5597,0.097,0,0,4,1,0
624,56,26001.0,12.0,654.0,Full-time,Master,18414,12,13379,0.515,0,0,2,1,0
625,59,92655.0,8.0,839.0,Full-time,Bachelor,16711,12,1717,0.019,0,0,1,1,1
626,33,62319.0,3.0,555.0,Full-time,Bachelor,12726,48,1204,0.019,0,0,0,2,0
627,28,29037.0,12.0,566.0,Unemployed,Master,69283,60,6520,0.225,0,0,2,0,0
628,38,68906.0,9.0,726.0,Full-time,High School,56034,36,453,0.007,1,0,2,1,1
629,40,37568.0,5.0,495.0,Full-time,Bachelor,12319,48,5733,0.153,0,1,2,1,1
630,53,55624.0,5.0,586.0,Full-time,Master,48584,12,4802,0.086,0,0,1,1,0
631,19,46275.0,8.0,709.0,Full-time,Bachelor,18038,36,285,0.006,2,0,2,0,0
632,58,23785.0,8.0,586.0,Full-time,Bachelor,23496,24,1577,0.066,0,0,6,3,0
633,38,26323.0,7.0,626.0,Self-employed,Bachelor,21340,24,14414,0.548,1,0,2,2,0
634,34,60777.0,8.0,724.0,Full-time,Master,15837,48,694,0.011,0,0,2,0,0
635,27,30718.0,13.0,692.0,Self-employed,PhD,36023,36,3687,0.12,1,0,1,2,0
636,20,29678.0,11.0,676.0,Full-time,Bachelor,23457,60,1091,0.037,0,0,2,1,0
637,49,22526.0,7.0,616.0,Full-time,Bachelor,17356,36,1467,0.065,1,0,1,1,0
638,40,44882.0,10.0,687.0,Self-employed,PhD,11472,48,20258,0.451,0,0,3,0,0
639,24,101850.0,2.0,637.0,Full-time,High School,14089,60,3372,0.033,0,0,3,1,1
640,24,21295.0,8.0,695.0,Unemployed,High School,9694,60,4998,0.235,0,0,5,3,0
641,35,36757.0,14.0,600.0,Full-time,Master,22161,24,2663,0.072,0,0,6,0,0
642,60,73578.0,6.0,631.0,Self-employed,Master,12108,36,655,0.009,0,0,0,2,0
643,36,34897.0,3.0,551.0,Full-time,Master,19287,60,911,0.026,0,0,4,1,1
644,21,45532.0,4.0,646.0,Full-time,Bachelor,43697,48,9685,0.213,1,1,2,1,0
645,37,21349.0,2.0,568.0,Full-time,High School,40120,24,3473,0.163,1,0,1,2,1
646,36,44988.0,3.0,538.0,Full-time,Bachelor,21673,60,1379,0.031,0,0,1,2,0
647,7,33071.0,5.0,675.0,Full-time,High School,21087,36,2915,0.088,0,0,3,4,0
648,39,59448.0,1.0,671.0,Full-time,High School,56383,24,5776,0.097,1,0,1,3,0
649,37,65755.0,7.0,728.0,Full-time,Master,28577,36,4696,0.071,0,0,2,2,0
650,48,132558.0,10.0,606.0,Full-time,High School,18696,36,1380,0.01,0,0,0,1,0
651,62,48524.0,3.0,690.0,Part-time,Master,10796,36,616,0.013,1,0,1,0,0
652,53,42740.0,13.0,705.0,Full-time,Bachelor,26820,24,1984,0.046,0,0,2,0,0
653,36,,9.0,,Full-time,Bachelor,33344,60,9036,0.226,0,0,0,1,0
654,26,30437.0,11.0,567.0,Full-time,High School,16061,12,7004,0.23,1,0,0,3,0
655,70,43012.0,4.0,664.0,Full-time,Bachelor,25478,60,4493,0.104,0,0,3,2,0
656,40,,10.0,686.0,Full-time,High School,18365,24,2512,0.08,0,0,2,1,0
657,40,39506.0,,650.0,Full-time,Other,20090,12,1778,0.045,0,0,4,0,0
658,39,70178.0,10.0,441.0,Self-employed,Master,6349,12,2559,0.036,0,0,3,0,0
659,42,21954.0,7.0,666.0,Part-time,Bachelor,19714,12,6514,0.297,0,0,3,3,0
660,38,64211.0,9.0,850.0,Full-time,High School,35763,48,8186,0.127,0,0,4,1,0
661,33,70161.0,2.0,613.0,Full-time,PhD,16063,24,2294,0.033,1,0,4,0,0
662,33,34233.0,3.0,577.0,Full-time,Bachelor,22612,48,37655,1.1,0,0,3,2,1
663,39,,9.0,687.0,Full-time,High School,15093,12,3269,0.26,1,0,1,0,0
664,33,26798.0,3.0,681.0,Full-time,Bachelor,26376,48,2107,0.079,0,0,0,0,0
665,31,69459.0,8.0,769.0,Full-time,PhD,19766,48,13038,0.188,1,1,4,1,0
666,41,35902.0,1.0,524.0,Full-time,High School,13771,24,388,0.011,0,0,2,2,0
667,36,22034.0,10.0,723.0,Full-time,High School,42884,36,4817,0.219,0,0,2,2,0
668,58,28215.0,2.0,709.0,Full-time,PhD,35047,48,2771,0.098,0,0,1,2,1
669,8,55287.0,9.0,635.0,Self-employed,High School,16277,48,12685,0.229,0,0,1,1,0
670,53,47732.0,9.0,683.0,Full-time,High School,28251,12,5458,0.114,0,0,4,1,0
671,54,32226.0,4.0,752.0,Part-time,Bachelor,28816,12,3425,0.106,0,0,1,0,1
672,15,30229.0,9.0,737.0,Unemployed,Master,30368,12,5782,0.191,0,0,0,0,1
673,35,29855.0,8.0,535.0,Full-time,Bachelor,9441,60,1037,0.035,0,0,3,0,0
674,35,22897.0,4.0,732.0,Full-time,Other,36435,48,7838,0.342,2,0,0,2,1
675,23,81445.0,,643.0,Full-time,Bachelor,16566,12,776,0.01,1,0,3,4,0
676,30,30910.0,0.0,657.0,Unemployed,High School,18418,24,4266,0.138,0,0,0,1,1
677,26,66741.0,8.0,,Unemployed,Other,82367,60,3089,0.046,0,0,2,2,0
678,61,77703.0,0.0,634.0,Full-time,Bachelor,25615,36,511,0.007,0,0,2,1,1
679,51,59823.0,7.0,769.0,Full-time,High School,18157,48,3193,0.053,1,0,2,0,0
680,55,29266.0,5.0,641.0,Part-time,Bachelor,7312,48,3952,0.135,0,0,2,2,1
681,48,44438.0,9.0,538.0,Full-time,Bachelor,44129,24,1548,0.035,0,0,1,1,0
682,26,35878.0,5.0,610.0,Part-time,High School,11241,36,1083,0.03,0,0,3,1,1
683,33,23112.0,5.0,,Self-employed,High School,13336,36,4876,0.211,1,0,1,0,0
684,45,42709.0,9.0,772.0,Full-time,Bachelor,18663,60,4282,0.1,0,0,1,0,0
685,25,20140.0,8.0,710.0,Full-time,Master,44721,48,3739,0.186,0,0,2,2,0
686,48,65764.0,8.0,564.0,Full-time,Bachelor,32422,12,3007,0.046,0,0,1,2,0
687,37,28787.0,8.0,850.0,Full-time,Other,20354,24,1691,0.059,0,0,3,0,0
688,35,40158.0,0.0,676.0,Full-time,High School,25697,24,28916,0.72,0,0,2,5,0
689,48,41841.0,10.0,777.0,Part-time,High School,16314,24,2212,0.053,0,0,2,2,0
690,45,31905.0,9.0,634.0,Self-employed,High School,23619,24,1254,0.039,1,0,2,3,0
691,35,48695.0,2.0,703.0,Self-employed,High School,22849,12,3147,0.065,1,0,2,1,0
692,53,28639.0,6.0,733.0,Full-time,High School,35752,12,2487,0.087,0,0,1,0,1
693,27,56142.0,6.0,771.0,Self-employed,Master,35724,60,2161,0.038,1,0,1,1,1
694,47,,6.0,755.0,Part-time,PhD,28197,48,19424,1.048,0,0,4,2,0
695,47,38684.0,8.0,737.0,Full-time,Other,18376,12,963,0.025,0,0,4,0,0
696,36,95746.0,12.0,618.0,Full-time,High School,31917,60,3094,0.032,0,0,4,1,0
697,43,22022.0,11.0,592.0,Full-time,Master,21036,36,1030,0.047,0,0,3,2,0
698,24,25877.0,1.0,683.0,Self-employed,Bachelor,12823,48,1735,0.067,1,0,1,1,0
699,51,46955.0,9.0,743.0,Full-time,High School,18004,12,16917,0.36,1,1,2,1,1
700,37,39727.0,12.0,627.0,Part-time,Master,22977,36,3949,0.099,0,0,2,3,1
701,33,43274.0,8.0,756.0,Full-time,Bachelor,34721,60,3902,0.09,1,0,2,3,0
702,52,46378.0,11.0,795.0,Part-time,High School,20095,12,1165,0.025,0,0,3,1,0
703,31,49879.0,15.0,558.0,Full-time,Bachelor,12032,12,1949,0.039,0,0,1,4,0
704,23,63249.0,11.0,566.0,Full-time,High School,22660,36,18455,0.292,1,0,3,1,0
705,21,44574.0,7.0,635.0,Full-time,Master,23312,12,4911,0.11,0,0,5,0,0
706,47,32188.0,11.0,680.0,Full-time,Bachelor,24171,24,2122,0.066,0,0,2,1,0
707,24,50832.0,7.0,597.0,Part-time,Other,34889,12,4631,0.091,1,0,2,3,0
708,61,93895.0,7.0,,Full-time,High School,36660,48,3895,0.041,0,1,3,5,0
709,15,33985.0,5.0,692.0,Full-time,Bachelor,16364,36,1287,0.038,0,0,3,3,0
710,60,22308.0,13.0,653.0,Full-time,Bachelor,16186,48,2061,0.092,0,0,2,3,0
711,42,63167.0,3.0,506.0,Full-time,Bachelor,13093,60,28411,0.45,2,0,3,0,0
712,38,34194.0,13.0,518.0,Full-time,Bachelor,31238,48,4411,0.129,0,0,2,3,0
713,33,12254.0,8.0,678.0,Full-time,Master,45451,24,620,0.051,0,0,3,0,0
714,44,55476.0,1.0,436.0,Self-employed,Master,18815,24,4965,0.089,0,0,2,1,0
715,39,27787.0,8.0,751.0,Full-time,PhD,19521,48,10971,0.395,0,0,5,1,0
716,53,34708.0,0.0,634.0,Part-time,Master,45861,60,1206,0.035,1,0,0,3,0
717,41,42872.0,9.0,850.0,Unemployed,Master,28361,12,1887,0.044,0,1,0,2,0
718,41,39944.0,10.0,850.0,Full-time,Bachelor,27395,24,12756,0.319,0,0,5,1,0
719,35,51778.0,4.0,631.0,Full-time,Master,12143,48,3086,0.06,0,0,2,2,0
720,39,29209.0,7.0,639.0,Full-time,Bachelor,30926,48,2584,0.088,0,0,2,0,1
721,43,46936.0,14.0,749.0,Unemployed,Bachelor,13841,48,783,0.017,0,0,3,2,0
722,19,31895.0,4.0,820.0,Self-employed,Bachelor,12493,12,8695,0.273,0,0,4,2,0
723,23,52543.0,2.0,486.0,Full-time,Bachelor,18520,36,2468,0.047,0,0,0,1,0
724,48,49398.0,12.0,471.0,Part-time,High School,16433,60,340,0.007,0,0,0,3,0
725,42,22749.0,14.0,587.0,Full-time,Other,19716,36,618,0.027,0,0,4,2,0
726,37,62504.0,7.0,708.0,Unemployed,Bachelor,10716,60,1700,0.027,0,1,1,1,1
727,40,27778.0,11.0,699.0,Unemployed,High School,35575,60,1019,0.037,0,1,0,1,0
728,44,54395.0,12.0,756.0,Full-time,Bachelor,38709,48,1192,0.022,1,0,3,0,0
729,33,43636.0,,530.0,Full-time,High School,8319,24,31090,0.712,1,0,2,1,0
730,30,91043.0,5.0,418.0,Full-time,High School,35926,48,6048,0.066,0,1,1,1,0
731,42,32476.0,11.0,735.0,Full-time,High School,14687,12,226,0.007,0,0,0,1,0
732,28,30495.0,,567.0,Part-time,Bachelor,33809,60,2176,0.071,0,0,2,0,0
733,44,35964.0,,448.0,Full-time,Bachelor,21285,24,2725,0.076,0,0,0,0,0
734,19,31207.0,3.0,664.0,Full-time,Master,22345,60,680,0.022,0,0,0,1,0
735,52,54174.0,14.0,729.0,Full-time,Master,20079,60,5086,0.094,0,0,2,0,0
736,45,16185.0,4.0,637.0,Unemployed,Bachelor,40378,48,387,0.024,0,0,4,2,0
737,43,21443.0,5.0,604.0,Full-time,Bachelor,11851,24,8927,0.416,0,0,2,0,0
738,51,21292.0,8.0,634.0,Full-time,Bachelor,29849,24,12600,0.592,1,0,2,1,1
739,59,58404.0,13.0,612.0,Full-time,Master,38202,60,31337,0.537,0,0,1,1,0
740,52,85417.0,,515.0,Unemployed,High School,31513,24,617,0.007,0,0,2,1,0
741,17,34467.0,8.0,578.0,Part-time,High School,70428,24,756,0.022,1,0,4,0,0
742,24,33375.0,8.0,,Full-time,Master,16907,48,5959,0.179,0,0,1,1,0
743,32,37610.0,7.0,682.0,Full-time,Bachelor,35548,36,9727,0.259,0,0,3,1,0
744,40,64921.0,9.0,666.0,Full-time,High School,20888,12,6693,0.103,0,0,0,3,0
745,46,,0.0,550.0,Full-time,High School,40810,36,8775,0.384,0,0,2,4,1
746,31,40912.0,5.0,631.0,Full-time,PhD,21941,24,11811,0.289,0,0,4,2,0
747,42,59136.0,7.0,432.0,Self-employed,Master,18143,60,3649,0.062,2,0,2,1,0
748,30,46655.0,2.0,667.0,Full-time,Master,42320,12,2410,0.052,1,0,2,2,0
749,32,39926.0,8.0,792.0,Part-time,Bachelor,17226,12,758,0.019,1,0,0,1,0
750,23,,6.0,502.0,Full-time,Bachelor,10868,60,2212,0.037,0,0,2,5,0
751,28,9399.0,14.0,591.0,Part-time,Other,17010,12,2578,0.274,2,0,0,0,1
752,23,50967.0,13.0,682.0,Part-time,Other,30016,60,1153,0.023,1,1,2,0,0
753,28,26185.0,5.0,775.0,Full-time,High School,44179,12,2869,0.11,1,0,3,0,0
754,52,14540.0,6.0,605.0,Full-time,Master,23285,36,1030,0.071,0,0,1,6,0
755,28,46891.0,,580.0,Full-time,High School,42578,12,9075,0.194,0,0,1,0,0
756,71,72173.0,5.0,453.0,Full-time,High School,11169,48,4563,0.063,0,0,2,1,0
757,45,33903.0,7.0,660.0,Full-time,Bachelor,17647,60,1882,0.056,0,0,2,2,0
758,42,58479.0,3.0,850.0,Full-time,Bachelor,19066,12,3600,0.062,0,0,5,0,0
759,29,81319.0,,677.0,Unemployed,PhD,20800,60,987,0.012,0,0,3,2,0
760,48,70084.0,9.0,647.0,Full-time,High School,22972,48,1092,0.016,1,0,2,0,0
761,33,82452.0,,682.0,Part-time,Bachelor,31115,12,1581,0.019,0,0,0,2,0
762,41,52631.0,3.0,648.0,Full-time,PhD,17634,12,2460,0.047,0,0,1,1,0
763,70,37711.0,10.0,568.0,Part-time,PhD,23612,48,3433,0.091,0,0,2,2,0
764,38,16301.0,4.0,732.0,Full-time,High School,21535,48,3446,0.211,0,0,0,1,0
765,53,32111.0,8.0,672.0,Self-employed,Bachelor,13864,48,797,0.025,0,0,1,0,0
766,31,23822.0,10.0,,Full-time,Bachelor,20809,60,2749,0.115,0,0,3,2,0
767,39,107524.0,6.0,552.0,Full-time,High School,20499,48,1315,0.012,0,0,2,1,0
768,61,33258.0,8.0,780.0,Full-time,Other,20281,60,98,0.003,0,0,3,2,0
769,32,38622.0,4.0,716.0,Full-time,PhD,22379,36,64575,1.672,0,0,2,0,1
770,61,,6.0,594.0,Full-time,High School,22875,12,1341,0.028,1,0,2,1,0
771,48,37115.0,6.0,750.0,Full-time,High School,17744,12,1417,0.038,1,0,2,2,0
772,33,84755.0,4.0,600.0,Full-time,High School,41620,24,775,0.009,1,0,5,2,0
773,47,26600.0,6.0,571.0,Self-employed,PhD,12274,36,1035,0.039,0,0,2,4,0
774,51,40026.0,0.0,574.0,Full-time,High School,15359,48,2468,0.062,1,0,1,0,0
775,47,25053.0,5.0,472.0,Full-time,Bachelor,88431,48,11519,0.46,0,0,2,4,0
776,21,18769.0,5.0,697.0,Part-time,Bachelor,13108,36,2454,0.131,0,0,1,3,1
777,31,26745.0,5.0,466.0,Full-time,Bachelor,11193,48,2156,0.081,1,0,1,1,0
778,37,35649.0,6.0,527.0,Full-time,High School,31800,24,9899,0.278,0,0,1,1,0
779,39,29300.0,,442.0,Full-time,High School,7796,60,1764,0.06,0,0,1,1,0
780,47,25688.0,8.0,641.0,Unemployed,PhD,19581,12,3044,0.118,0,0,4,5,0
781,42,17976.0,10.0,,Self-employed,PhD,64402,36,1186,0.066,1,1,2,2,0
782,23,34837.0,4.0,617.0,Self-employed,Master,10173,12,16076,0.461,1,0,0,2,0
783,44,17113.0,2.0,545.0,Full-time,High School,8176,60,8505,0.497,0,0,0,2,0
784,47,53105.0,2.0,532.0,Part-time,Bachelor,10408,36,2558,0.048,0,0,1,2,0
785,46,37843.0,5.0,696.0,Full-time,Bachelor,34516,60,1999,0.053,0,0,1,1,0
786,52,17522.0,,594.0,Full-time,High School,38653,48,2887,0.165,0,0,2,2,1
787,50,31113.0,3.0,681.0,Full-time,PhD,17046,48,2595,0.083,0,0,0,5,0
788,45,24932.0,1.0,561.0,Full-time,Bachelor,30995,48,634,0.025,0,0,3,0,0
789,39,42599.0,5.0,668.0,Full-time,High School,44140,60,8801,0.207,0,0,2,2,0
790,20,70985.0,7.0,,Full-time,PhD,53834,60,2375,0.033,0,0,1,1,0
791,45,14220.0,9.0,708.0,Full-time,Other,19473,60,19897,1.399,0,0,4,0,0
792,42,38465.0,4.0,608.0,Full-time,High School,6969,12,4545,0.118,0,0,3,0,0
793,43,33521.0,5.0,675.0,Part-time,Bachelor,14611,60,239,0.007,0,0,2,2,0
794,24,50800.0,3.0,625.0,Full-time,Bachelor,17793,48,827,0.016,0,0,9,1,1
795,27,40400.0,6.0,650.0,Part-time,Bachelor,19351,24,348,0.009,0,0,4,1,0
796,52,24934.0,3.0,617.0,Full-time,High School,20051,60,817,0.033,1,0,3,2,1
797,39,30960.0,9.0,633.0,Part-time,Bachelor,38539,24,581,0.019,0,0,2,0,0
798,48,24391.0,0.0,671.0,Full-time,Other,41656,48,3837,0.157,0,0,4,0,1
799,40,62193.0,,550.0,Full-time,Bachelor,20214,60,2173,0.035,1,0,1,5,1
800,40,36704.0,8.0,548.0,Full-time,High School,38148,12,6251,0.17,1,0,4,1,1
801,51,93957.0,7.0,511.0,Full-time,Bachelor,26339,12,2869,0.031,1,0,1,3,0
802,33,35230.0,17.0,489.0,Part-time,Bachelor,22748,24,2344,0.067,0,0,3,2,0
803,41,25483.0,8.0,528.0,Full-time,Master,34657,12,22097,0.867,0,0,4,1,1
804,34,17037.0,2.0,665.0,Full-time,Bachelor,22836,12,3725,0.219,2,1,1,0,0
805,34,14741.0,6.0,560.0,Self-employed,High School,61630,12,2750,0.187,0,0,1,3,1
806,36,16447.0,0.0,701.0,Full-time,High School,10729,48,1269,0.077,0,0,2,2,1
807,42,41504.0,6.0,653.0,Full-time,Master,17024,12,919,0.022,0,0,1,2,0
808,34,46833.0,3.0,453.0,Full-time,High School,20676,36,6441,0.138,0,0,4,1,1
809,55,16471.0,10.0,715.0,Full-time,Master,27439,60,6067,0.368,0,0,4,0,0
810,29,56812.0,4.0,731.0,Full-time,High School,41522,12,14351,0.253,1,1,1,1,1
811,37,28523.0,6.0,550.0,Full-time,Bachelor,21759,12,4812,0.169,0,0,3,3,1
812,34,39081.0,,692.0,Unemployed,Bachelor,10817,12,2012,0.051,0,0,3,0,0
813,57,81316.0,13.0,564.0,Full-time,PhD,33565,36,4969,0.061,1,0,2,3,0
814,42,56864.0,5.0,659.0,Full-time,PhD,32127,12,2750,0.048,0,0,1,1,0
815,52,31752.0,14.0,523.0,Full-time,High School,8342,12,7082,0.223,2,0,1,2,0
816,22,23257.0,10.0,470.0,Self-employed,Bachelor,21984,60,11320,0.487,0,0,2,1,0
817,43,12383.0,8.0,611.0,Part-time,High School,9946,36,2518,0.203,1,0,1,1,0
818,50,25347.0,8.0,637.0,Full-time,Bachelor,15798,36,17280,0.682,0,0,2,4,0
819,40,32677.0,8.0,610.0,Part-time,Bachelor,14024,12,9782,0.299,0,0,2,4,0
820,52,22168.0,0.0,531.0,Full-time,PhD,33012,36,3034,0.137,0,0,2,2,1
821,33,34008.0,5.0,610.0,Full-time,PhD,23351,24,5829,0.171,1,0,2,0,0
822,56,37738.0,10.0,676.0,Full-time,Bachelor,11581,36,4046,0.107,0,0,2,0,0
823,67,32453.0,6.0,645.0,Full-time,Bachelor,34201,36,3047,0.094,1,0,3,0,0
824,35,26238.0,1.0,668.0,Full-time,Master,10754,36,20194,0.77,0,0,0,0,1
825,34,39510.0,6.0,582.0,Self-employed,Master,25979,48,5002,0.127,1,0,2,1,0
826,57,45295.0,13.0,767.0,Full-time,High School,14661,48,1285,0.028,0,0,1,0,0
827,58,21053.0,11.0,532.0,Unemployed,Bachelor,18345,48,1066,0.051,0,0,1,4,0
828,33,73531.0,6.0,698.0,Full-time,Bachelor,28343,36,1110,0.015,0,0,1,0,0
829,34,,10.0,768.0,Full-time,High School,28587,24,4863,0.141,1,0,2,3,1
830,36,36659.0,5.0,698.0,Full-time,High School,42979,36,2118,0.058,0,0,1,0,0
831,23,51746.0,0.0,,Full-time,High School,21138,12,4160,0.08,0,0,1,1,1
832,28,40806.0,3.0,597.0,Full-time,Bachelor,25673,24,7603,0.186,0,0,3,4,0
833,27,58487.0,13.0,,Full-time,High School,17696,48,22668,0.388,1,0,3,3,0
834,30,41921.0,5.0,507.0,Full-time,High School,24124,60,2167,0.052,1,0,4,2,1
835,39,26736.0,6.0,552.0,Full-time,High School,27439,24,728,0.027,0,1,2,1,1
836,42,43510.0,5.0,610.0,Part-time,Master,20969,48,17897,0.411,0,0,1,2,0
837,58,20499.0,14.0,773.0,Full-time,Master,8938,24,694,0.034,1,0,3,0,0
838,28,38341.0,13.0,687.0,Full-time,Bachelor,25996,24,667,0.017,0,0,3,2,0
839,51,35717.0,,553.0,Full-time,Bachelor,26430,36,17438,0.488,0,0,7,0,0
840,37,32726.0,6.0,618.0,Self-employed,Other,15676,12,8657,0.265,0,0,0,1,0
841,39,34054.0,8.0,588.0,Part-time,High School,11588,60,4840,0.142,0,0,2,1,0
842,48,14172.0,0.0,579.0,Full-time,High School,46071,48,2835,0.2,1,0,1,1,0
843,26,27601.0,12.0,747.0,Full-time,High School,28161,24,2346,0.085,0,0,2,0,0
844,44,38041.0,2.0,512.0,Full-time,High School,19642,60,1554,0.041,0,0,3,2,1
845,41,39337.0,7.0,810.0,Unemployed,Bachelor,12475,24,2246,0.057,1,0,0,1,0
846,45,21723.0,2.0,732.0,Full-time,PhD,14604,12,2842,0.131,0,0,3,1,0
847,43,68381.0,,759.0,Full-time,Bachelor,42247,60,754,0.011,0,1,2,1,0
848,69,23550.0,3.0,603.0,Full-time,Bachelor,23595,48,1312,0.056,0,0,2,2,1
849,32,58966.0,4.0,635.0,Full-time,PhD,16725,24,360,0.006,0,1,0,0,1
850,33,44963.0,4.0,506.0,Unemployed,High School,28419,12,3222,0.072,1,0,1,0,0
851,32,26288.0,4.0,597.0,Full-time,High School,14658,60,3223,0.123,0,0,0,4,0
852,33,88225.0,10.0,699.0,Full-time,Bachelor,46649,24,17650,0.2,0,0,1,1,0
853,32,19993.0,2.0,779.0,Full-time,Bachelor,43321,24,4339,0.217,0,0,1,0,1
854,54,57502.0,7.0,539.0,Part-time,High School,17443,48,1709,0.03,0,0,3,5,0
855,57,59891.0,11.0,613.0,Part-time,Bachelor,16085,12,2439,0.041,0,0,0,4,0
856,33,,4.0,634.0,Full-time,Bachelor,5948,36,4850,0.187,0,1,1,2,1
857,30,72855.0,4.0,510.0,Full-time,Bachelor,10500,24,3742,0.051,0,0,0,0,0
858,45,32047.0,6.0,709.0,Self-employed,Bachelor,11274,60,5314,0.166,0,0,3,1,1
859,33,41954.0,11.0,577.0,Full-time,Bachelor,23566,48,4346,0.104,1,0,1,1,0
860,47,41363.0,7.0,630.0,Full-time,High School,18711,48,2315,0.056,0,0,2,0,0
861,42,33956.0,4.0,,Full-time,Bachelor,11241,24,1744,0.051,1,0,5,2,0
862,21,54469.0,8.0,571.0,Unemployed,High School,19137,24,1653,0.03,1,0,2,2,0
863,58,54000.0,2.0,649.0,Full-time,PhD,28358,24,1181,0.022,0,0,3,1,1
864,61,15149.0,9.0,628.0,Part-time,Bachelor,28678,36,1010,0.067,0,0,2,0,0
865,32,69714.0,8.0,612.0,Full-time,Bachelor,8519,24,18740,0.269,0,0,1,2,0
866,35,15815.0,5.0,577.0,Full-time,Master,20658,12,3376,0.213,0,0,2,0,0
867,43,60856.0,3.0,681.0,Full-time,Bachelor,11029,60,2552,0.042,0,0,3,2,1
868,44,63790.0,3.0,815.0,Full-time,Bachelor,34574,24,1815,0.028,0,0,5,0,0
869,47,21047.0,9.0,663.0,Full-time,Master,32600,36,4577,0.217,0,0,4,0,0
870,64,29572.0,11.0,749.0,Full-time,Master,14058,60,9933,0.336,0,0,2,1,0
871,37,20892.0,4.0,510.0,Full-time,Bachelor,15017,48,6144,0.294,0,0,2,1,0
872,30,32615.0,8.0,665.0,Self-employed,High School,17489,24,7491,0.23,0,0,2,0,0
873,23,,0.0,540.0,Unemployed,Bachelor,7140,60,1658,0.053,0,0,1,0,0
874,31,53628.0,4.0,502.0,Full-time,Master,26055,48,2968,0.055,0,0,1,1,1
875,39,69923.0,6.0,576.0,Full-time,High School,19217,36,1680,0.024,0,0,1,2,0
876,61,72972.0,3.0,769.0,Full-time,High School,35777,12,3317,0.045,1,0,4,4,0
877,33,27416.0,3.0,745.0,Full-time,Master,12718,24,10642,0.388,0,0,3,0,0
878,42,32708.0,4.0,674.0,Part-time,High School,16162,12,4625,0.141,0,0,2,2,0
879,39,15650.0,8.0,496.0,Full-time,Master,10370,36,15164,0.969,0,0,2,0,0
880,54,24271.0,6.0,630.0,Full-time,Bachelor,13331,60,2233,0.092,0,0,3,2,0
881,70,58831.0,0.0,680.0,Part-time,Bachelor,12197,60,1330,0.023,1,0,1,2,0
882,33,81453.0,0.0,667.0,Full-time,High School,36242,36,4974,0.061,1,1,2,1,1
883,34,19591.0,4.0,465.0,Full-time,Master,15535,36,3357,0.171,0,0,2,2,0
884,52,27004.0,8.0,560.0,Full-time,Bachelor,23437,24,4116,0.152,0,0,2,0,0
885,48,35839.0,0.0,643.0,Full-time,Bachelor,18208,48,3544,0.099,0,0,5,1,1
886,62,41776.0,5.0,703.0,Full-time,Bachelor,11675,12,1836,0.044,0,0,3,3,0
887,47,24226.0,4.0,430.0,Part-time,Master,20248,12,3625,0.15,0,0,5,0,0
888,35,44892.0,12.0,633.0,Part-time,Other,29719,60,7890,0.176,0,0,1,1,0
889,47,28654.0,5.0,664.0,Full-time,Bachelor,12041,60,8743,0.305,0,0,1,5,0
890,53,36054.0,8.0,734.0,Self-employed,Bachelor,33009,24,1827,0.051,0,0,4,2,0
891,49,,7.0,719.0,Full-time,Other,14402,36,3755,0.079,0,0,2,2,0
892,46,36432.0,0.0,708.0,Part-time,Bachelor,17300,12,13057,0.358,1,0,3,2,1
893,52,29196.0,10.0,570.0,Full-time,High School,28719,24,1867,0.064,0,0,1,1,0
894,54,34378.0,7.0,459.0,Self-employed,High School,15808,60,1557,0.045,1,0,4,5,0
895,56,34745.0,9.0,610.0,Self-employed,Master,22444,60,6597,0.19,0,0,3,4,0
896,47,30181.0,22.0,750.0,Full-time,Bachelor,18819,12,5535,0.183,1,0,2,1,0
897,37,31907.0,0.0,789.0,Self-employed,Bachelor,23498,60,1290,0.04,0,0,2,2,1
898,41,80766.0,13.0,721.0,Part-time,Bachelor,6698,60,735,0.009,0,0,2,0,0
899,54,48072.0,5.0,692.0,Part-time,High School,8823,48,3683,0.077,0,0,1,2,0
900,30,31327.0,8.0,687.0,Full-time,Bachelor,29970,36,1961,0.063,0,0,4,1,0
901,44,51455.0,6.0,594.0,Part-time,High School,36996,60,553,0.011,1,0,1,0,1
902,35,30732.0,5.0,636.0,Self-employed,Bachelor,13971,48,1499,0.049,0,0,1,4,0
903,40,65287.0,4.0,816.0,Full-time,Bachelor,19496,24,5445,0.083,0,0,5,3,1
904,55,43687.0,8.0,555.0,Unemployed,Bachelor,25523,60,2562,0.059,0,1,1,2,0
905,42,34418.0,0.0,811.0,Full-time,Master,31151,24,14272,0.415,1,0,0,3,0
906,40,45426.0,10.0,617.0,Full-time,Master,7991,60,369,0.008,1,0,1,1,0
907,23,16556.0,5.0,782.0,Full-time,Master,14143,12,11361,0.686,0,0,1,2,0
908,48,20673.0,2.0,509.0,Full-time,High School,18652,48,2113,0.102,1,0,2,2,0
909,47,19991.0,5.0,708.0,Full-time,High School,31306,48,1829,0.091,1,0,2,4,0
910,65,39006.0,12.0,576.0,Full-time,Bachelor,76819,12,631,0.016,0,0,2,4,0
911,36,86358.0,4.0,508.0,Unemployed,PhD,19653,36,4746,0.055,0,0,0,1,0
912,42,110818.0,8.0,671.0,Full-time,Master,10899,48,479,0.004,1,0,0,1,0
913,42,49962.0,4.0,750.0,Full-time,Master,26933,24,6754,0.135,0,0,2,4,0
914,58,,10.0,565.0,Full-time,Bachelor,42637,48,656,0.014,0,0,5,2,0
915,38,14756.0,9.0,,Full-time,Bachelor,23248,36,768,0.052,0,0,4,0,0
916,43,27685.0,14.0,640.0,Self-employed,Bachelor,13998,24,905,0.033,1,0,2,1,0
917,47,24492.0,6.0,641.0,Full-time,High School,35560,24,1456,0.059,1,0,4,4,0
918,42,26624.0,9.0,704.0,Part-time,High School,30692,12,7647,0.287,0,0,2,2,1
919,34,33387.0,7.0,744.0,Full-time,PhD,13186,60,13412,0.402,0,0,2,2,0
920,42,28679.0,12.0,,Full-time,High School,26654,12,1615,0.056,0,0,1,2,0
921,52,13498.0,4.0,835.0,Full-time,High School,36265,60,2845,0.211,0,0,3,0,1
922,27,52783.0,9.0,672.0,Full-time,High School,39773,12,4865,0.092,0,1,2,4,0
923,41,21239.0,6.0,615.0,Full-time,PhD,21306,60,2144,0.101,0,0,2,1,0
924,31,40930.0,6.0,488.0,Full-time,Bachelor,18415,48,4678,0.114,0,0,3,0,0
925,54,102440.0,7.0,623.0,Full-time,Bachelor,40685,24,2968,0.029,0,1,1,0,0
926,21,22932.0,8.0,616.0,Part-time,PhD,12027,60,2313,0.101,0,0,0,0,0
927,33,10248.0,6.0,746.0,Full-time,Bachelor,27427,48,720,0.07,0,0,2,2,0
928,44,31476.0,7.0,696.0,Full-time,Bachelor,11103,36,3460,0.11,0,0,1,1,0
929,58,62974.0,,532.0,Full-time,High School,37522,12,7772,0.123,1,0,4,3,0
930,39,96681.0,10.0,667.0,Full-time,High School,19360,36,1368,0.014,1,0,4,2,0
931,33,19638.0,10.0,717.0,Self-employed,Master,41534,48,416,0.021,0,0,1,0,0
932,62,46553.0,5.0,802.0,Full-time,Master,28161,36,2165,0.047,1,0,3,2,0
933,22,28777.0,3.0,738.0,Full-time,Bachelor,11948,36,13490,0.469,2,0,2,0,0
934,13,34441.0,10.0,726.0,Unemployed,Bachelor,44905,48,10016,0.291,0,0,2,1,0
935,45,136239.0,10.0,656.0,Full-time,Bachelor,47840,24,1668,0.012,0,0,1,0,0
936,33,17128.0,12.0,688.0,Full-time,High School,34239,60,4700,0.274,0,0,1,3,0
937,27,41227.0,4.0,774.0,Full-time,High School,15051,12,5505,0.134,0,0,2,1,1
938,48,45882.0,6.0,516.0,Full-time,High School,18901,60,13231,0.288,0,0,1,4,1
939,42,62498.0,0.0,615.0,Part-time,High School,23687,12,632,0.01,0,0,2,1,0
940,33,38138.0,5.0,572.0,Part-time,Master,15493,60,1023,0.027,0,0,3,0,0
941,24,42362.0,10.0,687.0,Unemployed,High School,51337,36,399,0.009,1,0,2,2,0
942,50,29857.0,5.0,773.0,Full-time,High School,23674,24,1512,0.051,0,0,1,3,0
943,47,41546.0,9.0,590.0,Full-time,Bachelor,5700,36,8658,0.208,0,0,2,0,0
944,38,30589.0,6.0,410.0,Part-time,Master,26099,24,1703,0.056,0,0,3,2,1
945,62,49552.0,8.0,608.0,Full-time,High School,18507,48,805,0.016,0,0,1,3,0
946,27,30187.0,2.0,741.0,Full-time,High School,21216,12,3739,0.124,1,0,2,0,0
947,21,43850.0,7.0,703.0,Full-time,Bachelor,18318,12,3836,0.087,0,0,0,2,1
948,31,35788.0,0.0,692.0,Full-time,Master,32975,48,1078,0.03,2,0,3,1,0
949,39,63769.0,,622.0,Full-time,Bachelor,38555,60,1797,0.028,0,0,1,3,0
950,42,35394.0,0.0,522.0,Self-employed,Master,25375,48,3465,0.098,0,0,3,1,0
951,37,14965.0,11.0,701.0,Self-employed,Other,18589,48,6285,0.42,0,0,3,1,0
952,44,68251.0,10.0,566.0,Full-time,Master,21575,24,1557,0.023,1,1,2,0,0
953,24,23089.0,8.0,850.0,Full-time,Bachelor,22243,48,1348,0.058,0,0,1,2,1
954,57,26189.0,13.0,707.0,Full-time,Bachelor,14746,12,20182,0.771,1,0,2,0,1
955,39,26961.0,3.0,591.0,Self-employed,High School,29421,36,2266,0.084,1,0,2,2,0
956,53,72201.0,13.0,588.0,Full-time,Other,27723,24,3825,0.053,0,0,3,1,0
957,44,12483.0,10.0,640.0,Part-time,Bachelor,47582,24,5700,0.457,0,0,4,3,0
958,45,174359.0,6.0,626.0,Full-time,High School,41261,60,499,0.003,0,0,2,0,0
959,46,61576.0,11.0,761.0,Full-time,Bachelor,15633,36,2926,0.048,0,0,0,0,0
960,45,40603.0,2.0,668.0,Full-time,High School,33194,24,574,0.014,0,0,4,1,1
961,47,35332.0,3.0,576.0,Part-time,Bachelor,13691,48,2615,0.074,0,0,5,1,1
962,55,41888.0,4.0,839.0,Full-time,Bachelor,31193,24,11767,0.281,1,0,5,1,0
963,42,47125.0,4.0,654.0,Full-time,Bachelor,17012,24,1098,0.023,1,0,2,0,0
964,48,50141.0,2.0,726.0,Full-time,Master,13205,24,563,0.011,1,0,1,1,1
965,38,47944.0,11.0,589.0,Part-time,High School,25337,60,19686,0.411,1,0,3,2,0
966,57,37979.0,5.0,686.0,Self-employed,Bachelor,5783,24,946,0.025,0,0,1,1,0
967,31,32903.0,8.0,681.0,Full-time,Bachelor,9177,24,666,0.02,0,0,2,2,0
968,61,33670.0,4.0,461.0,Self-employed,Bachelor,20155,60,15048,0.447,0,0,3,1,1
969,39,32943.0,0.0,850.0,Full-time,Master,22953,36,910,0.028,0,0,2,0,0
970,22,64015.0,8.0,779.0,Full-time,Bachelor,18312,12,15443,0.241,2,0,2,0,0
971,41,48863.0,0.0,610.0,Full-time,Bachelor,9999,60,3920,0.08,0,0,3,3,0
972,31,8348.0,6.0,539.0,Full-time,High School,14633,60,10763,1.289,0,0,3,0,1
973,50,50410.0,1.0,684.0,Part-time,PhD,26785,24,3590,0.071,0,0,3,4,0
974,32,40029.0,14.0,658.0,Part-time,Bachelor,29463,24,8775,0.219,1,0,1,0,0
975,34,35977.0,,685.0,Full-time,Master,21848,12,1189,0.033,0,0,2,0,0
976,17,29903.0,7.0,669.0,Full-time,High School,39277,24,1613,0.054,1,1,2,4,1
977,34,63707.0,12.0,700.0,Part-time,High School,26868,48,359,0.006,0,0,4,3,0
978,10,58323.0,3.0,794.0,Self-employed,Bachelor,15157,24,7877,0.135,0,0,2,3,0
979,20,24675.0,9.0,706.0,Full-time,Master,19144,24,4534,0.184,0,0,1,0,0
980,49,44512.0,7.0,545.0,Unemployed,Bachelor,10922,48,1088,0.024,0,0,2,1,0
981,49,22340.0,8.0,786.0,Full-time,PhD,20867,12,518,0.023,0,0,4,1,1
982,45,18218.0,12.0,814.0,Full-time,Bachelor,38409,48,3951,0.217,0,0,2,2,0
983,28,26546.0,9.0,850.0,Part-time,Bachelor,31027,60,15929,0.6,0,0,3,0,0
984,39,55893.0,8.0,537.0,Full-time,High School,44400,48,2596,0.046,0,0,2,2,0
985,39,58487.0,0.0,674.0,Full-time,Master,18931,36,1543,0.026,0,0,0,0,1
986,26,46936.0,3.0,441.0,Full-time,High School,43176,60,1167,0.025,0,0,1,2,1
987,58,52184.0,6.0,705.0,Part-time,Master,19997,24,10397,0.199,0,0,2,2,0
988,50,47008.0,7.0,595.0,Part-time,PhD,45972,60,1367,0.029,0,0,0,1,0
989,37,26350.0,2.0,842.0,Full-time,PhD,21787,12,2056,0.078,0,0,0,0,0
990,40,45069.0,16.0,572.0,Full-time,Bachelor,31370,12,8448,0.187,0,0,2,0,0
991,42,54187.0,13.0,481.0,Full-time,Bachelor,46053,48,5639,0.104,0,0,2,2,0
992,15,52952.0,9.0,602.0,Full-time,Master,19995,60,2136,0.04,1,0,1,0,0
993,37,65805.0,7.0,452.0,Full-time,High School,24567,24,1481,0.023,1,0,0,0,0
994,31,51748.0,6.0,725.0,Part-time,Bachelor,41958,12,12907,0.249,0,0,2,1,0
995,27,43292.0,3.0,443.0,Full-time,High School,20609,24,976,0.023,0,0,3,1,1
996,36,62011.0,7.0,652.0,Full-time,Bachelor,11379,36,2415,0.039,1,0,0,1,0
997,61,35837.0,8.0,442.0,Full-time,High School,64312,12,661,0.018,1,0,2,1,0
998,47,23366.0,2.0,617.0,Full-time,High School,17415,48,9787,0.419,0,0,0,3,1
999,33,33472.0,8.0,814.0,Self-employed,Bachelor,23846,36,1854,0.055,0,1,0,1,1
1000,46,25022.0,6.0,686.0,Full-time,Bachelor,39261,60,1480,0.059,0,1,3,0,0
